"","n_items","pic_lt1","pic_lt2","pic_lt3","dd_mm_yyyy","hh_mm_star","hh_mm_end","n_garb_bin","obs","coords.x1","coords.x2","optional","beach","transect","item","activity"
"1",1,"DCIM/20181230133714953.jpg",NA,NA,2018-12-30,"11:33","12:43",NA,NA,-52.27543367,-32.31076639,TRUE,1,1,"plastic-bag","shoreline and recreational"
"2",1,"DCIM/20181230133826956.jpg",NA,NA,2018-12-30,"11:33","12:43",NA,NA,-52.27542188,-32.31077874,TRUE,1,1,"plastic-bag","shoreline and recreational"
"3",1,"DCIM/20181230134025238.jpg",NA,NA,2018-12-30,"11:33","12:43",NA,"Glove Packaging",-52.27543646,-32.31077426,TRUE,1,1,"bleach-cleaner-bottles","ocean waterway"
"4",1,"DCIM/20181230134216079.jpg",NA,NA,2018-12-30,"11:33","12:43",NA,NA,-52.27544249,-32.31076753,TRUE,1,1,"plastic-bag","shoreline and recreational"
"5",1,"DCIM/20181230134354862.jpg",NA,NA,2018-12-30,"11:33","12:43",NA,NA,-52.27547156,-32.31079742,TRUE,1,1,"plastic-bag","shoreline and recreational"
"6",1,"DCIM/20181230134442666.jpg",NA,NA,2018-12-30,"11:33","12:43",NA,NA,-52.27547412,-32.31079583,TRUE,1,1,"ocean-waterway-activities","ocean waterway"
"7",1,"DCIM/20181230134713361.jpg",NA,NA,2018-12-30,"11:33","12:43",NA,NA,-52.27548119,-32.31080189,TRUE,1,1,"ropes","ocean waterway"
"8",1,"DCIM/20181230134901453.jpg",NA,NA,2018-12-30,"11:33","12:43",NA,NA,-52.27548143,-32.31080485,TRUE,1,1,"plastic-bag","shoreline and recreational"
"9",1,"DCIM/20181230135016907.jpg",NA,NA,2018-12-30,"11:33","12:43",NA,NA,-52.27549751,-32.31080472,TRUE,1,1,"food-packing","shoreline and recreational"
"10",1,"DCIM/20181230135518528.jpg",NA,NA,2018-12-30,"11:33","12:43",NA,NA,-52.27553645,-32.31081438,TRUE,1,1,"ocean-waterway-activities","ocean waterway"
"11",1,"DCIM/20181230135624703.jpg",NA,NA,2018-12-30,"11:33","12:43",NA,NA,-52.27553095,-32.31081401,TRUE,1,1,"beverage-PET","shoreline and recreational"
"12",1,"DCIM/20181230135707917.jpg",NA,NA,2018-12-30,"11:33","12:43",NA,NA,-52.27555028,-32.31082348,TRUE,1,1,"clothing-shoes","shoreline and recreational"
"13",1,"DCIM/20181230135752405.jpg",NA,NA,2018-12-30,"11:33","12:43",NA,NA,-52.27557658,-32.31084473,TRUE,1,1,"plastic-bag","shoreline and recreational"
"14",1,"DCIM/20181230135833894.jpg",NA,NA,2018-12-30,"11:33","12:43",NA,NA,-52.27558466,-32.31086475,TRUE,1,1,"plastic-bag","shoreline and recreational"
"15",1,"DCIM/20181230135918042.jpg",NA,NA,2018-12-30,"11:33","12:43",NA,NA,-52.27559635,-32.31087105,TRUE,1,1,"beverage-PET","shoreline and recreational"
"16",1,"DCIM/20181230140122160.jpg",NA,NA,2018-12-30,"11:33","12:43",NA,NA,-52.27561231,-32.31087595,TRUE,1,1,"ropes","ocean waterway"
"17",1,"DCIM/20181230140323761.jpg",NA,NA,2018-12-30,"11:33","12:43",NA,NA,-52.27560418,-32.31087601,TRUE,1,1,"ropes","ocean waterway"
"18",1,"DCIM/20181230140411650.jpg",NA,NA,2018-12-30,"11:33","12:43",NA,"Erro 2. No Fio De Nylon",-52.2756212,-32.31087253,TRUE,1,1,"plastic-bag","shoreline and recreational"
"19",1,"DCIM/20181230140613146.jpg","DCIM/20181230140625390.jpg",NA,2018-12-30,"11:33","12:43",NA,NA,-52.27562305,-32.31086889,TRUE,1,1,"beverage-PET","shoreline and recreational"
"20",1,"DCIM/20181230140719510.jpg",NA,NA,2018-12-30,"11:33","12:43",NA,NA,-52.27562514,-32.310867,TRUE,1,1,"ocean-waterway-activities","ocean waterway"
"21",1,"DCIM/20181230140847890.jpg",NA,NA,2018-12-30,"11:33","12:43",NA,NA,-52.27562092,-32.31085188,TRUE,1,1,"fishing-line","ocean waterway"
"22",1,"DCIM/20181230141217273.jpg",NA,NA,2018-12-30,"11:33","12:43",NA,"Erro Pic-Lit1 E Pic-LiT2. Foto Em Campo Pic-Beach",-52.27563187,-32.31090436,TRUE,1,1,"ocean-waterway-activities","ocean waterway"
"23",1,"DCIM/20181230141418820.jpg","DCIM/20181230141439626.jpg",NA,2018-12-30,"11:33","12:43",NA,"Foto No Campo Pic-Beach",-52.27563273,-32.310894,TRUE,1,1,"fishing-line","ocean waterway"
"24",1,"DCIM/20181230141900341.jpg","DCIM/20181230141912350.jpg",NA,2018-12-30,"11:33","12:43",NA,NA,-52.27565916,-32.31093891,TRUE,1,1,"clothing-shoes","shoreline and recreational"
"25",1,"DCIM/20181230142207069.jpg",NA,NA,2018-12-30,"11:33","12:43",NA,"Bandeira De Boia De Pesca",-52.27565916,-32.31093891,TRUE,1,1,"plastic-sheeting-tarps","ocean waterway"
"26",1,"DCIM/20181230142426387.jpg",NA,NA,2018-12-30,"11:33","12:43",NA,NA,-52.27565916,-32.31093891,TRUE,1,1,"food-packing","shoreline and recreational"
"27",1,"DCIM/20181230142530813.jpg",NA,NA,2018-12-30,"11:33","12:43",NA,"Tetrapack",-52.27565916,-32.31093891,TRUE,1,1,"food-packing","shoreline and recreational"
"28",1,"DCIM/20181230142621021.jpg",NA,NA,2018-12-30,"11:33","12:43",NA,NA,-52.27565916,-32.31093891,TRUE,1,1,"clothing-shoes","shoreline and recreational"
"29",1,"DCIM/20181230142808810.jpg",NA,NA,2018-12-30,"11:33","12:43",NA,NA,-52.27565916,-32.31093891,TRUE,1,1,"plastic-bag","shoreline and recreational"
"30",1,"DCIM/20181230142945384.jpg",NA,NA,2018-12-30,"11:33","12:43",NA,NA,-52.27583643,-32.31127049,TRUE,1,1,"plastic-bag","shoreline and recreational"
"31",1,"DCIM/20181230143114552.jpg",NA,NA,2018-12-30,"11:33","12:43",NA,NA,-52.27589012,-32.31130899,TRUE,1,1,"plastic-bag","shoreline and recreational"
"32",1,"DCIM/20181230143208708.jpg","DCIM/20181230143235503.jpg",NA,2018-12-30,"11:33","12:43",NA,NA,-52.2758662,-32.31130496,TRUE,1,1,"plastic-bag","shoreline and recreational"
"33",1,"DCIM/20181230143328881.jpg",NA,NA,2018-12-30,"11:33","12:43",NA,NA,-52.27589844,-32.31131657,TRUE,1,1,"plastic-bag","shoreline and recreational"
"34",1,"DCIM/20181230143411569.jpg",NA,NA,2018-12-30,"11:33","12:43",NA,NA,-52.27591766,-32.31131765,TRUE,1,1,"food-packing","shoreline and recreational"
"35",1,"DCIM/20181230143443438.jpg",NA,NA,2018-12-30,"11:33","12:43",NA,NA,-52.27592288,-32.3113171,TRUE,1,1,"beverage-cans-metal","shoreline and recreational"
"36",1,"DCIM/20181230143517278.jpg",NA,NA,2018-12-30,"11:33","12:43",NA,NA,-52.27592985,-32.31135203,TRUE,1,1,"beverage-PET","shoreline and recreational"
"37",1,"DCIM/20181230143603525.jpg",NA,NA,2018-12-30,"11:33","12:43",NA,NA,-52.27593893,-32.31133958,TRUE,1,1,"fishing-line","ocean waterway"
"38",1,"DCIM/20181230143653865.jpg",NA,NA,2018-12-30,"11:33","12:43",NA,"Nylon Associado",-52.2759491,-32.31133592,TRUE,1,1,"clothing-shoes","shoreline and recreational"
"39",1,"DCIM/20181230143741919.jpg",NA,NA,2018-12-30,"11:33","12:43",NA,NA,-52.27595171,-32.31136557,TRUE,1,1,"plastic-bag","shoreline and recreational"
"40",1,"DCIM/20181230143844324.jpg",NA,NA,2018-12-30,"11:33","12:43",NA,"Bandeira De",-52.27595487,-32.3113692,TRUE,1,1,"plastic-sheeting-tarps","ocean waterway"
"41",1,"DCIM/20181230143948566.jpg",NA,NA,2018-12-30,"11:33","12:43",NA,NA,-52.27594417,-32.31137774,TRUE,1,1,"cars-car-parts","dumping"
"42",1,"DCIM/20181230144033112.jpg","DCIM/20181230144050507.jpg",NA,2018-12-30,"11:33","12:43",NA,NA,-52.27597692,-32.31140267,TRUE,1,1,"beverage-cans-metal","shoreline and recreational"
"43",1,"DCIM/20181230153026410.jpg",NA,NA,2018-12-30,"13:27","13:33",NA,"start",-52.27226688,-32.30716108,TRUE,1,2,"plastic-bag","shoreline and recreational"
"44",1,"DCIM/20181230153209255.jpg",NA,NA,2018-12-30,"13:27","13:33",NA,NA,-52.27243094,-32.30755631,TRUE,1,2,"food-packing","shoreline and recreational"
"45",1,"DCIM/20181230153340259.jpg",NA,NA,2018-12-30,"13:27","13:33",NA,"Com Corda/ end",-52.27261547,-32.30775889,TRUE,1,2,"fishing-line","ocean waterway"
"46",1,"DCIM/20181230155914429.jpg","DCIM/20181230155925043.jpg",NA,2018-12-30,"13:58","14:28",NA,NA,-52.26983307,-32.30327841,TRUE,1,3,"plastic-bag","shoreline and recreational"
"47",1,"DCIM/20181230160311120.jpg",NA,NA,2018-12-30,"13:58","14:28",NA,"Qfield Parou. Erro.",-52.26988558,-32.30325254,TRUE,1,3,"clothing-shoes","shoreline and recreational"
"48",1,"DCIM/20181230160336782.jpg",NA,NA,2018-12-30,"13:58","14:28",NA,NA,-52.26988558,-32.30325254,TRUE,1,3,"beverage-PET","shoreline and recreational"
"49",1,"DCIM/20181230160445322.jpg","DCIM/20181230160452935.jpg",NA,2018-12-30,"13:58","14:28",NA,"-1 & -2 Ao Lado. Conferir.",-52.26993972,-32.30328595,TRUE,1,3,"plastic-bag","shoreline and recreational"
"50",1,"DCIM/20181230160714629.jpg",NA,NA,2018-12-30,"13:58","14:28",NA,"Pic-Beach DO Trecho.",-52.2698994,-32.30336922,TRUE,1,3,"food-packing","shoreline and recreational"
"51",1,"DCIM/20181230160919348.jpg",NA,NA,2018-12-30,"13:58","14:28",NA,NA,-52.27002034,-32.30344998,TRUE,1,3,"plastic-bag","shoreline and recreational"
"52",1,"DCIM/20181230161350584.jpg","DCIM/20181230161356368.jpg",NA,2018-12-30,"13:58","14:28",NA,NA,-52.27011586,-32.30354645,TRUE,1,3,"plastic-bag","shoreline and recreational"
"53",1,"DCIM/20181230161542377.jpg",NA,NA,2018-12-30,"13:58","14:28",NA,NA,-52.27012221,-32.30354511,TRUE,1,3,"food-packing","shoreline and recreational"
"54",1,"DCIM/20181230161616282.jpg",NA,NA,2018-12-30,"13:58","14:28",NA,NA,-52.27013467,-32.30356031,TRUE,1,3,"cars-car-parts","dumping"
"55",1,"DCIM/20181230161706449.jpg",NA,NA,2018-12-30,"13:58","14:28",NA,"Straping Band",-52.2701459,-32.30358176,TRUE,1,3,"strapping-bands","ocean waterway"
"56",1,"DCIM/20181230161827135.jpg",NA,NA,2018-12-30,"13:58","14:28",NA,NA,-52.27019332,-32.30365469,TRUE,1,3,"clothing-shoes","shoreline and recreational"
"57",1,"DCIM/20181230161933425.jpg","DCIM/20181230161947905.jpg",NA,2018-12-30,"13:58","14:28",NA,NA,-52.27023394,-32.30369381,TRUE,1,3,"strapping-bands","ocean waterway"
"58",1,"DCIM/20181230222227881.jpg",NA,NA,2018-12-30,NA,NA,NA,NA,-52.14766245,-32.18382209,TRUE,3,1,"food-packing","shoreline and recreational"
"59",1,"DCIM/20181230222257103.jpg",NA,NA,2018-12-30,NA,NA,NA,NA,-52.14766245,-32.18382209,TRUE,3,1,"food-packing","shoreline and recreational"
"60",1,"DCIM/20181230222354481.jpg",NA,NA,2018-12-30,NA,NA,NA,NA,-52.14766245,-32.18382209,TRUE,3,1,"beverage-PET","shoreline and recreational"
"61",1,"DCIM/20181230222429355.jpg",NA,NA,2018-12-30,NA,NA,NA,NA,-52.14766245,-32.18382209,TRUE,3,1,"plastic-bag","shoreline and recreational"
"62",1,"DCIM/20181230222548043.jpg",NA,NA,2018-12-30,NA,NA,NA,"Guaraná Antarctica rótulo",-52.14709598,-32.1833726,TRUE,3,1,"food-packing","shoreline and recreational"
"63",1,"DCIM/20181230222846560.jpg","DCIM/20181230222901843.jpg",NA,2018-12-30,"20:20","20:27",NA,"Fralda, E Papel LimpeZa Fralda",-52.14681109,-32.18318518,TRUE,3,1,"diapers","medical personal hygiene"
"64",1,"DCIM/20181230223826502.jpg","DCIM/20181230223839446.jpg",NA,2018-12-30,"20:36","20:44",NA,"Copo PlAstico",-52.14947,-32.18551577,TRUE,3,2,"cups-plates-forks-knives-spoons","shoreline and recreational"
"65",1,"DCIM/20181230225806029.jpg",NA,NA,2018-12-30,"20:57","21:00",NA,NA,-52.15382639,-32.18861286,TRUE,3,3,"shoreline-and-recreational-activities","shoreline and recreational"
"66",1,"DCIM/20181230230002755.jpg",NA,NA,2018-12-30,"20:57","21:00",NA,NA,-52.15358729,-32.18847614,TRUE,3,3,"shoreline-and-recreational-activities","shoreline and recreational"
"67",1,"DCIM/20181231192512848.jpg",NA,NA,2018-12-31,"17:21","17:39",NA,NA,-52.21274544,-32.23857211,TRUE,2,1,"fishing-net","ocean waterway"
"68",1,"DCIM/20181231192543498.jpg",NA,NA,2018-12-31,"17:21","17:39",NA,NA,-52.21277118,-32.2385931,TRUE,2,1,"bleach-cleaner-bottles","ocean waterway"
"69",1,"DCIM/20181231192647173.jpg",NA,NA,2018-12-31,"17:21","17:39",NA,NA,-52.21266782,-32.23864165,TRUE,2,1,"food-packing","shoreline and recreational"
"70",1,"DCIM/20181231192913012.jpg",NA,NA,2018-12-31,"17:21","17:39",NA,NA,-52.21280775,-32.23868465,TRUE,2,1,"ocean-waterway-activities","ocean waterway"
"71",1,"DCIM/20181231193004298.jpg",NA,NA,2018-12-31,"17:21","17:39",NA,NA,-52.21283625,-32.23876924,TRUE,2,1,"bleach-cleaner-bottles","ocean waterway"
"72",1,"DCIM/20181231193049638.jpg",NA,NA,2018-12-31,"17:21","17:39",NA,NA,-52.21288373,-32.23876068,TRUE,2,1,"fishing-line","ocean waterway"
"73",1,"DCIM/20181231193110621.jpg",NA,NA,2018-12-31,"17:21","17:39",NA,NA,-52.21288115,-32.23876355,TRUE,2,1,"ropes","ocean waterway"
"74",1,"DCIM/20181231193306811.jpg",NA,NA,2018-12-31,"17:21","17:39",NA,NA,-52.21306827,-32.23902139,TRUE,2,1,"paper-bag","shoreline and recreational"
"75",1,"DCIM/20181231193431521.jpg",NA,NA,2018-12-31,"17:21","17:39",NA,NA,-52.21310255,-32.23900436,TRUE,2,1,"food-packing","shoreline and recreational"
"76",1,"DCIM/20181231193510408.jpg",NA,NA,2018-12-31,"17:21","17:39",NA,NA,-52.21310269,-32.23900428,TRUE,2,1,"clothing-shoes","shoreline and recreational"
"77",1,"DCIM/20181231193739666.jpg",NA,NA,2018-12-31,"17:21","17:39",NA,"Saco De Batata. Item De Pesca?",-52.21315333,-32.23906781,TRUE,2,1,"ocean-waterway-activities","ocean waterway"
"78",1,"DCIM/20181231193926758.jpg",NA,NA,2018-12-31,"17:21","17:39",NA,"Ponto Final",-52.2132248,-32.23910168,TRUE,2,1,"beverage-PET","shoreline and recreational"
"79",1,"DCIM/20181231195158617.jpg","DCIM/20181231195209226.jpg",NA,2018-12-31,"17:47","17:52",NA,NA,-52.208374,-32.23538573,TRUE,2,2,"building-materials","dumping"
"80",1,"DCIM/20181231200526046.jpg","DCIM/20181231200537101.jpg",NA,2018-12-31,"18:00","18:25",NA,"Extensor",-52.20617841,-32.23247105,TRUE,2,3,"shoreline-and-recreational-activities","shoreline and recreational"
"81",1,"DCIM/20181231201151249.jpg",NA,NA,2018-12-31,"18:00","18:25",NA,"PeDaco De Luva De BorRacha De LIMPeza",-52.20606356,-32.23224312,TRUE,2,3,"ocean-waterway-activities","ocean waterway"
"82",1,"DCIM/20181231202600778.jpg","DCIM/20181231202640006.jpg",NA,2018-12-31,"18:00","18:25",NA,"Final",-52.20572207,-32.23204588,TRUE,2,3,"beverage-glass","shoreline and recreational"
"83",1,"DCIM/20190216132039180.jpg",NA,NA,2019-02-16,NA,NA,NA,"Start",-52.2732835696403,-32.3077297124392,TRUE,1,1,"clothing-shoes","shoreline and recreational"
"84",1,"DCIM/20190216133023994.jpg",NA,NA,2019-02-16,NA,NA,0,NA,-52.2732194461821,-32.3076558240526,TRUE,1,1,"ocean-waterway-activities","ocean waterway"
"85",1,"DCIM/20190216133058251.jpg",NA,NA,2019-02-16,NA,NA,0,NA,-52.2732093547534,-32.307646573767,TRUE,1,1,"clothing-shoes","shoreline and recreational"
"86",1,"DCIM/20190216133407564.jpg",NA,NA,2019-02-16,NA,NA,0,NA,-52.2732010007098,-32.3076440318432,TRUE,1,1,"buoys-floats","ocean waterway"
"87",1,"DCIM/20190216133709212.jpg",NA,NA,2019-02-16,NA,NA,0,"Espiral de plastico",-52.2732226505524,-32.3076205936726,TRUE,1,1,"dumping-activities","dumping"
"88",1,"DCIM/20190216134018843.jpg",NA,NA,2019-02-16,NA,NA,0,NA,-52.2731710590943,-32.3075830963096,TRUE,1,1,"fishing-net","ocean waterway"
"89",1,"DCIM/20190216134115231.jpg",NA,NA,2019-02-16,NA,NA,0,NA,-52.2731551111878,-32.3075438987953,TRUE,1,1,"building-materials","dumping"
"90",1,"DCIM/20190216134203321.jpg",NA,NA,2019-02-16,NA,NA,0,NA,-52.273128334596,-32.3075159130237,TRUE,1,1,"oil-bottles","ocean waterway"
"91",1,"DCIM/20190216134421743.jpg",NA,NA,2019-02-16,NA,NA,0,"Perfume",-52.273120634525,-32.3075005774431,TRUE,1,1,"dumping-activities","dumping"
"92",1,"DCIM/20190216134626439.jpg",NA,NA,2019-02-16,NA,NA,0,NA,-52.2731673227579,-32.3075050488096,TRUE,1,1,"ocean-waterway-activities","ocean waterway"
"93",1,"DCIM/20190216135143921.jpg",NA,NA,2019-02-16,NA,NA,0,"Styrofoam",-52.2731289419561,-32.3074808268476,TRUE,1,1,"dumping-activities","dumping"
"94",1,"DCIM/20190216140934802.jpg",NA,NA,2019-02-16,NA,NA,0,"FIta de slack",-52.2729003778177,-32.3072035816403,TRUE,1,1,"ocean-waterway-activities","ocean waterway"
"95",1,"DCIM/20190216141800935.jpg",NA,NA,2019-02-16,NA,NA,0,"Margerine",-52.2727994311887,-32.3071059894388,TRUE,1,1,"food-packing","shoreline and recreational"
"96",1,"DCIM/20190216141930554.jpg",NA,NA,2019-02-16,NA,NA,0,NA,-52.2728137778086,-32.3071308777297,TRUE,1,1,"medical-personal-hygiene","medical personal hygiene"
"97",1,"DCIM/20190216142428194.jpg",NA,NA,2019-02-16,NA,NA,0,NA,-52.2727767846642,-32.3070683587784,TRUE,1,1,"toys","shoreline and recreational"
"98",1,"DCIM/20190216143016002.jpg",NA,NA,2019-02-16,NA,NA,0,NA,-52.2727817609054,-32.3070394053925,TRUE,1,1,"building-materials","dumping"
"99",1,"DCIM/20190216143150056.jpg",NA,NA,2019-02-16,NA,NA,0,"Metal",-52.2727474683616,-32.3069662449823,TRUE,1,1,"dumping-activities","dumping"
"100",1,"DCIM/20190216143420203.jpg",NA,NA,2019-02-16,NA,NA,0,NA,-52.2727236964936,-32.3069307589021,TRUE,1,1,"fishing-net","ocean waterway"
"101",1,"DCIM/20190216144353846.jpg",NA,NA,2019-02-16,NA,NA,0,"Fim do primeiro transecto  foi 12:36",-52.2698711200836,-32.3039472973899,TRUE,1,2,"cups-plates-forks-knives-spoons","shoreline and recreational"
"102",1,"DCIM/20190216144616259.jpg",NA,NA,2019-02-16,NA,NA,0,NA,-52.2698585249167,-32.3038307833178,TRUE,1,2,"tobacco-packing","smoking related"
"103",1,"DCIM/20190216145338704.jpg",NA,NA,2019-02-16,NA,NA,0,NA,-52.2693897497433,-32.303270045624,TRUE,1,2,"building-materials","dumping"
"104",1,"DCIM/20190216145538789.jpg",NA,NA,2019-02-16,NA,NA,0,NA,-52.2693799925788,-32.3032385291621,TRUE,1,2,"tobacco-packing","smoking related"
"105",1,"DCIM/20190216150631737.jpg",NA,NA,2019-02-16,NA,NA,0,NA,-52.2673294101809,-32.2997958822885,TRUE,1,3,"building-materials","dumping"
"106",1,"DCIM/20190216150729034.jpg",NA,NA,2019-02-16,NA,NA,0,"Vassoura",-52.267278761684,-32.2997510393142,TRUE,1,3,"dumping-activities","dumping"
"107",1,"DCIM/20190216150946502.jpg",NA,NA,2019-02-16,NA,NA,0,NA,-52.2672701465421,-32.2997358878362,TRUE,1,3,"dumping-activities","dumping"
"108",1,"DCIM/20190216151250852.jpg",NA,NA,2019-02-16,NA,NA,0,NA,-52.2671662389254,-32.2996708400868,TRUE,1,3,"ocean-waterway-activities","ocean waterway"
"109",1,"DCIM/20190216151711561.jpg",NA,NA,2019-02-16,NA,NA,0,NA,-52.2671740322891,-32.2996576338244,TRUE,1,3,"food-packing","shoreline and recreational"
"110",1,"DCIM/20190216152617168.jpg",NA,NA,2019-02-16,NA,NA,0,NA,-52.2668158519403,-32.2991621926497,TRUE,1,3,"medical-personal-hygiene","medical personal hygiene"
"111",1,"DCIM/20190216162317603.jpg",NA,NA,2019-02-16,NA,NA,NA,"Oferenda de iemanjá barco de madeira com pequenos plásticos",-52.2093084129059,-32.2362166912528,TRUE,2,2,"shoreline-and-recreational-activities","shoreline and recreational"
"112",1,"DCIM/20190216162621424.jpg",NA,NA,2019-02-16,NA,NA,NA,"Oferenda iemanjá?",-52.209229198507,-32.2362284964093,TRUE,2,2,"shoreline-and-recreational-activities","shoreline and recreational"
"113",1,"DCIM/20190217215009907.jpg",NA,NA,2019-02-17,NA,NA,1,NA,-52.1496461583438,-32.1849440940624,TRUE,3,1,"paper-bag","shoreline and recreational"
"114",1,"DCIM/20190217215314001.jpg",NA,NA,2019-02-17,NA,NA,1,NA,-52.1493171537723,-32.1846432076041,TRUE,3,1,"toys","shoreline and recreational"
"115",1,"DCIM/20190217221834832.jpg",NA,NA,2019-02-17,NA,NA,1,NA,-52.1418879738284,-32.1788579397828,TRUE,3,3,"syringes-needles","medical personal hygiene"
"116",1,"DCIM/20190217222315163.jpg",NA,NA,2019-02-17,NA,NA,1,NA,-52.1416858261939,-32.1787293028994,TRUE,3,3,"condoms","medical personal hygiene"
"117",1,"DCIM/20190217222536007.jpg",NA,NA,2019-02-17,NA,NA,1,NA,-52.141565990544,-32.1786496902804,TRUE,3,3,"tampons-tampon-applicators","medical personal hygiene"
"118",1,"DCIM/20190217222931144.jpg",NA,NA,2019-02-17,NA,NA,1,NA,-52.1414706092446,-32.178592889619,TRUE,3,3,"clothing-shoes","shoreline and recreational"
"119",1,NA,"DCIM/20181230142016616.jpg",NA,2018-12-30,"11:33","12:43",NA,NA,-52.27565916,-32.31093891,TRUE,1,1,"fishing-line","ocean waterway"
"120",1,NA,"DCIM/20181230160013746.jpg",NA,2018-12-30,"13:58","14:28",NA,NA,-52.26987333,-32.3032612,TRUE,1,3,"plastic-bag","shoreline and recreational"
"121",1,NA,"DCIM/20181230160540625.jpg",NA,2018-12-30,"13:58","14:28",NA,NA,-52.26993763,-32.30330498,TRUE,1,3,"plastic-bag","shoreline and recreational"
"122",1,NA,"DCIM/20181230161431106.jpg",NA,2018-12-30,"13:58","14:28",NA,NA,-52.27011164,-32.30354292,TRUE,1,3,"beverage-PET","shoreline and recreational"
"123",1,NA,"DCIM/20181230161504521.jpg",NA,2018-12-30,"13:58","14:28",NA,NA,-52.27012188,-32.30354613,TRUE,1,3,"food-packing","shoreline and recreational"
"124",1,NA,"DCIM/20181230162033930.jpg",NA,2018-12-30,"13:58","14:28",NA,"Lamp",-52.27022101,-32.30369862,TRUE,1,3,"dumping-activities","dumping"
"125",1,NA,"DCIM/20181230162158226.jpg",NA,2018-12-30,"13:58","14:28",NA,NA,-52.27027986,-32.30379376,TRUE,1,3,"plastic-bag","shoreline and recreational"
"126",1,NA,"DCIM/20181230162243342.jpg",NA,2018-12-30,"13:58","14:28",NA,NA,-52.27028984,-32.30381956,TRUE,1,3,"crates","ocean waterway"
"127",1,NA,"DCIM/20181230162331647.jpg",NA,2018-12-30,"13:58","14:28",NA,NA,-52.27029931,-32.30381653,TRUE,1,3,"bleach-cleaner-bottles","ocean waterway"
"128",1,NA,"DCIM/20181230162409883.jpg",NA,2018-12-30,"13:58","14:28",NA,"S Foto",-52.27029383,-32.30382827,TRUE,1,3,"fishing-line","ocean waterway"
"129",1,NA,"DCIM/20181230162525647.jpg",NA,2018-12-30,"13:58","14:28",NA,NA,-52.27034565,-32.30387574,TRUE,1,3,"shoreline-and-recreational-activities","shoreline and recreational"
"130",1,NA,"DCIM/20181230162610042.jpg",NA,2018-12-30,"13:58","14:28",NA,NA,-52.2703425,-32.30386774,TRUE,1,3,"food-packing","shoreline and recreational"
"131",1,NA,"DCIM/20181230162735017.jpg",NA,2018-12-30,"13:58","14:28",NA,"S Foto",-52.27031317,-32.30398423,TRUE,1,3,"plastic-bag","shoreline and recreational"
"132",1,NA,"DCIM/20181230162834706.jpg",NA,2018-12-30,"13:58","14:28",NA,NA,-52.27037554,-32.30402549,TRUE,1,3,"food-packing","shoreline and recreational"
"133",1,NA,"DCIM/20181230162923665.jpg",NA,2018-12-30,"13:58","14:28",NA,NA,-52.27036299,-32.30403611,TRUE,1,3,"plastic-bag","shoreline and recreational"
"134",1,NA,"DCIM/20181231194853258.jpg",NA,2018-12-31,"17:47","17:52",NA,NA,-52.20883957,-32.23593323,TRUE,2,2,"food-packing","shoreline and recreational"
"135",1,NA,"DCIM/20181231200128951.jpg",NA,2018-12-31,"18:00","18:25",NA,"Inicio. Pi-Lit2=Pic Da Beach, Hehehe ;@",-52.20618353,-32.2325611,TRUE,2,3,"plastic-bag","shoreline and recreational"
"136",1,NA,"DCIM/20181231200649905.jpg",NA,2018-12-31,"18:00","18:25",NA,NA,-52.2060893,-32.23237089,TRUE,2,3,"food-packing","shoreline and recreational"
"137",1,NA,"DCIM/20181231202139858.jpg",NA,2018-12-31,"18:00","18:25",NA,NA,-52.20574661,-32.23215802,TRUE,2,3,"food-packing","shoreline and recreational"
"138",1,NA,NA,NA,2018-12-30,"11:33","12:43",NA,NA,-52.27597731,-32.3114126,TRUE,1,1,"beverage-PET","shoreline and recreational"
"139",1,NA,NA,NA,2018-12-30,"11:33","12:43",NA,NA,-52.27597197,-32.31141826,TRUE,1,1,"fishing-line","ocean waterway"
"140",1,NA,NA,NA,2018-12-30,"13:58","14:28",NA,NA,-52.26988558,-32.30325254,TRUE,1,3,"shoreline-and-recreational-activities","shoreline and recreational"
"141",1,NA,NA,NA,2018-12-30,"20:20","20:27",NA,"2",-52.14681265,-32.18317428,TRUE,3,1,"plastic-bag","shoreline and recreational"
"142",1,NA,NA,NA,2018-12-30,"20:20","20:27",NA,"Desconsiderar O De Cima",-52.14716486,-32.18338165,TRUE,3,1,"plastic-bag","shoreline and recreational"
"143",1,NA,NA,NA,2018-12-30,"20:20","20:27",NA,NA,-52.14769147,-32.18382903,TRUE,3,1,"paper-bag","shoreline and recreational"
"144",1,NA,NA,NA,2018-12-30,"20:20","20:27",NA,NA,-52.14761245,-32.18378999,TRUE,3,1,"straw-stirrers","shoreline and recreational"
"145",1,NA,NA,NA,2018-12-30,"20:20","20:27",NA,NA,-52.14760811,-32.18376275,TRUE,3,1,"food-packing","shoreline and recreational"
"146",1,NA,NA,NA,2018-12-30,"20:20","20:27",NA,NA,-52.14741511,-32.18361909,TRUE,3,1,"paper-bag","shoreline and recreational"
"147",1,NA,NA,NA,2018-12-30,"20:20","20:27",NA,NA,-52.14732137,-32.18357622,TRUE,3,1,"straw-stirrers","shoreline and recreational"
"148",1,NA,NA,NA,2018-12-30,"20:20","20:27",NA,NA,-52.14714249,-32.18341584,TRUE,3,1,"straw-stirrers","shoreline and recreational"
"149",1,NA,NA,NA,2018-12-30,"20:20","20:27",NA,NA,-52.14702189,-32.18333836,TRUE,3,1,"beverage-PET","shoreline and recreational"
"150",1,NA,NA,NA,2018-12-30,"20:20","20:27",NA,NA,-52.14701105,-32.1833452,TRUE,3,1,"shoreline-and-recreational-activities","shoreline and recreational"
"151",1,NA,NA,NA,2018-12-30,"20:20","20:27",NA,NA,-52.14700689,-32.18333567,TRUE,3,1,"straw-stirrers","shoreline and recreational"
"152",1,NA,NA,NA,2018-12-30,"20:20","20:27",NA,NA,-52.14681738,-32.18318312,TRUE,3,1,"food-packing","shoreline and recreational"
"153",1,NA,NA,NA,2018-12-30,"20:36","20:44",NA,"2Folder  Festa",-52.14976306,-32.18577205,TRUE,3,2,"paper-bag","shoreline and recreational"
"154",1,NA,NA,NA,2018-12-30,"20:36","20:44",NA,"Copo Plastico",-52.14963571,-32.18564162,TRUE,3,2,"cups-plates-forks-knives-spoons","shoreline and recreational"
"155",1,NA,NA,NA,2018-12-30,"20:36","20:44",NA,"Desconsiderar Ultimo",-52.14936088,-32.18544357,TRUE,3,2,"straw-stirrers","shoreline and recreational"
"156",1,NA,NA,NA,2018-12-30,"20:36","20:44",NA,"Folder Festa",-52.14984197,-32.18581251,TRUE,3,2,"paper-bag","shoreline and recreational"
"157",1,NA,NA,NA,2018-12-30,"20:36","20:44",NA,"Folder Festa",-52.14948856,-32.18552701,TRUE,3,2,"paper-bag","shoreline and recreational"
"158",1,NA,NA,NA,2018-12-30,"20:36","20:44",NA,"PH",-52.14954041,-32.18566595,TRUE,3,2,"medical-personal-hygiene","medical personal hygiene"
"159",1,NA,NA,NA,2018-12-30,"20:36","20:44",NA,NA,-52.14991967,-32.18585476,TRUE,3,2,"food-packing","shoreline and recreational"
"160",1,NA,NA,NA,2018-12-30,"20:36","20:44",NA,NA,-52.14983853,-32.1858127,TRUE,3,2,"bleach-cleaner-bottles","ocean waterway"
"161",1,NA,NA,NA,2018-12-30,"20:36","20:44",NA,NA,-52.14979485,-32.18577749,TRUE,3,2,"beverage-cans-metal","shoreline and recreational"
"162",1,NA,NA,NA,2018-12-30,"20:36","20:44",NA,NA,-52.14976306,-32.18577205,TRUE,3,2,"plastic-bag","shoreline and recreational"
"163",1,NA,NA,NA,2018-12-30,"20:36","20:44",NA,NA,-52.14965402,-32.18565094,TRUE,3,2,"straw-stirrers","shoreline and recreational"
"164",1,NA,NA,NA,2018-12-30,"20:36","20:44",NA,NA,-52.14938759,-32.18546509,TRUE,3,2,"straw-stirrers","shoreline and recreational"
"165",1,NA,NA,NA,2018-12-30,"20:36","20:44",NA,NA,-52.14937203,-32.18545899,TRUE,3,2,"paper-bag","shoreline and recreational"
"166",1,NA,NA,NA,2018-12-30,"20:57","21:00",NA,NA,-52.15372685,-32.18857763,TRUE,3,3,"paper-bag","shoreline and recreational"
"167",1,NA,NA,NA,2018-12-30,"20:57","21:00",NA,NA,-52.15358944,-32.18851999,TRUE,3,3,"beverage-cans-metal","shoreline and recreational"
"168",1,NA,NA,NA,2018-12-30,NA,NA,NA,"Copo plastico",-52.14766245,-32.18382209,TRUE,3,1,"cups-plates-forks-knives-spoons","shoreline and recreational"
"169",1,NA,NA,NA,2018-12-30,NA,NA,NA,"Folder",-52.14934387,-32.18541548,TRUE,3,2,"paper-bag","shoreline and recreational"
"170",1,NA,NA,NA,2018-12-30,NA,NA,NA,"Picolé",-52.14951171,-32.1856742,TRUE,3,2,"food-packing","shoreline and recreational"
"171",1,NA,NA,NA,2018-12-30,NA,NA,NA,NA,-52.14938677,-32.18547278,TRUE,3,2,"food-packing","shoreline and recreational"
"172",1,NA,NA,NA,2018-12-30,NA,NA,NA,NA,-52.14766245,-32.18382209,TRUE,3,1,"beverage-PET","shoreline and recreational"
"173",1,NA,NA,NA,2018-12-30,NA,NA,NA,NA,-52.14766245,-32.18382209,TRUE,3,1,"plastic-bag","shoreline and recreational"
"174",1,NA,NA,NA,2018-12-31,"17:21","17:39",NA,NA,-52.21320665,-32.23907333,TRUE,2,1,"food-packing","shoreline and recreational"
"175",1,NA,NA,NA,2018-12-31,"17:21","17:39",NA,NA,-52.21318117,-32.23908918,TRUE,2,1,"plastic-bag","shoreline and recreational"
"176",1,NA,NA,NA,2018-12-31,"17:21","17:39",NA,NA,-52.21315193,-32.23906509,TRUE,2,1,"plastic-bag","shoreline and recreational"
"177",1,NA,NA,NA,2018-12-31,"17:21","17:39",NA,NA,-52.21314839,-32.23905902,TRUE,2,1,"plastic-bag","shoreline and recreational"
"178",1,NA,NA,NA,2018-12-31,"17:21","17:39",NA,NA,-52.21310176,-32.23901631,TRUE,2,1,"plastic-bag","shoreline and recreational"
"179",1,NA,NA,NA,2018-12-31,"17:21","17:39",NA,NA,-52.21308539,-32.23908431,TRUE,2,1,"paper-bag","shoreline and recreational"
"180",1,NA,NA,NA,2018-12-31,"17:21","17:39",NA,NA,-52.21307017,-32.23898418,TRUE,2,1,"plastic-bag","shoreline and recreational"
"181",1,NA,NA,NA,2018-12-31,"17:21","17:39",NA,NA,-52.21306947,-32.23903702,TRUE,2,1,"plastic-bag","shoreline and recreational"
"182",1,NA,NA,NA,2018-12-31,"17:21","17:39",NA,NA,-52.21306196,-32.23911837,TRUE,2,1,"paper-bag","shoreline and recreational"
"183",1,NA,NA,NA,2018-12-31,"17:21","17:39",NA,NA,-52.21305452,-32.23914379,TRUE,2,1,"paper-bag","shoreline and recreational"
"184",1,NA,NA,NA,2018-12-31,"17:21","17:39",NA,NA,-52.21305058,-32.23912625,TRUE,2,1,"paper-bag","shoreline and recreational"
"185",1,NA,NA,NA,2018-12-31,"17:21","17:39",NA,NA,-52.21293562,-32.23882602,TRUE,2,1,"plastic-bag","shoreline and recreational"
"186",1,NA,NA,NA,2018-12-31,"17:21","17:39",NA,NA,-52.21288119,-32.23876353,TRUE,2,1,"clothing-shoes","shoreline and recreational"
"187",1,NA,NA,NA,2018-12-31,"17:21","17:39",NA,NA,-52.21278764,-32.23865718,TRUE,2,1,"plastic-bag","shoreline and recreational"
"188",1,NA,NA,NA,2018-12-31,"17:21","17:39",NA,NA,-52.21278605,-32.2386474,TRUE,2,1,"plastic-bag","shoreline and recreational"
"189",1,NA,NA,NA,2018-12-31,"17:21","17:39",NA,NA,-52.21278462,-32.23860375,TRUE,2,1,"plastic-bag","shoreline and recreational"
"190",1,NA,NA,NA,2018-12-31,"17:21","17:39",NA,NA,-52.21273018,-32.23855962,TRUE,2,1,"food-packing","shoreline and recreational"
"191",1,NA,NA,NA,2018-12-31,"17:21","17:39",NA,NA,-52.21272707,-32.23858473,TRUE,2,1,"plastic-bag","shoreline and recreational"
"192",1,NA,NA,NA,2018-12-31,"17:21","17:39",NA,NA,-52.21272379,-32.23855624,TRUE,2,1,"shoreline-and-recreational-activities","shoreline and recreational"
"193",1,NA,NA,NA,2018-12-31,"17:21","17:39",NA,NA,-52.21270037,-32.23853408,TRUE,2,1,"beverage-PET","shoreline and recreational"
"194",1,NA,NA,NA,2018-12-31,"17:21","17:39",NA,NA,-52.21263196,-32.23856531,TRUE,2,1,"plastic-bag","shoreline and recreational"
"195",1,NA,NA,NA,2018-12-31,"17:21","17:39",NA,NA,-52.21260438,-32.23850621,TRUE,2,1,"plastic-bag","shoreline and recreational"
"196",1,NA,NA,NA,2018-12-31,"17:47","17:52",NA,"Guardanapo. Ponto Final.",-52.20831087,-32.23527705,TRUE,2,2,"paper-bag","shoreline and recreational"
"197",1,NA,NA,NA,2018-12-31,"18:00","18:25",NA,"Cabo De Vassoura (1/4)",-52.20619352,-32.23253058,TRUE,2,3,"dumping-activities","dumping"
"198",1,NA,NA,NA,2018-12-31,"18:00","18:25",NA,"Cano De ""Fio""",-52.20604034,-32.2323678,TRUE,2,3,"building-materials","dumping"
"199",1,NA,NA,NA,2018-12-31,"18:00","18:25",NA,"Extensor",-52.20618084,-32.2324701,TRUE,2,3,"shoreline-and-recreational-activities","shoreline and recreational"
"200",1,NA,NA,NA,2018-12-31,"18:00","18:25",NA,"Garrafa Detergente",-52.20574801,-32.23212313,TRUE,2,3,"bleach-cleaner-bottles","ocean waterway"
"201",1,NA,NA,NA,2018-12-31,"18:00","18:25",NA,"Garrafa Pet De Oleo",-52.20606448,-32.23231488,TRUE,2,3,"beverage-PET","shoreline and recreational"
"202",1,NA,NA,NA,2018-12-31,"18:00","18:25",NA,"Papel umEdecidO",-52.20575084,-32.23213046,TRUE,2,3,"medical-personal-hygiene","medical personal hygiene"
"203",1,NA,NA,NA,2018-12-31,"18:00","18:25",NA,"PH",-52.20581722,-32.232062,TRUE,2,3,"medical-personal-hygiene","medical personal hygiene"
"204",1,NA,NA,NA,2018-12-31,"18:00","18:25",NA,"Rexona. Desodorante. Lata De...",-52.20583226,-32.23215986,TRUE,2,3,"shoreline-and-recreational-activities","shoreline and recreational"
"205",1,NA,NA,NA,2018-12-31,"18:00","18:25",NA,"Rolo De PapelaO De Ph, Com PH Dentro...",-52.20583495,-32.23207195,TRUE,2,3,"medical-personal-hygiene","medical personal hygiene"
"206",1,NA,NA,NA,2018-12-31,"18:00","18:25",NA,"R�tulo De Agua Pet",-52.20574888,-32.23208451,TRUE,2,3,"food-packing","shoreline and recreational"
"207",1,NA,NA,NA,2018-12-31,"18:00","18:25",NA,"Tetrapack. CaiXa De Leite",-52.20572393,-32.23209921,TRUE,2,3,"food-packing","shoreline and recreational"
"208",1,NA,NA,NA,2018-12-31,"18:00","18:25",NA,NA,-52.20619498,-32.23252812,TRUE,2,3,"straw-stirrers","shoreline and recreational"
"209",1,NA,NA,NA,2018-12-31,"18:00","18:25",NA,NA,-52.20618366,-32.2324976,TRUE,2,3,"plastic-bag","shoreline and recreational"
"210",1,NA,NA,NA,2018-12-31,"18:00","18:25",NA,NA,-52.20618241,-32.23251752,TRUE,2,3,"shoreline-and-recreational-activities","shoreline and recreational"
"211",1,NA,NA,NA,2018-12-31,"18:00","18:25",NA,NA,-52.20616754,-32.23241991,TRUE,2,3,"food-packing","shoreline and recreational"
"212",1,NA,NA,NA,2018-12-31,"18:00","18:25",NA,NA,-52.20609718,-32.23238394,TRUE,2,3,"plastic-bag","shoreline and recreational"
"213",1,NA,NA,NA,2018-12-31,"18:00","18:25",NA,NA,-52.20607139,-32.23238058,TRUE,2,3,"food-packing","shoreline and recreational"
"214",1,NA,NA,NA,2018-12-31,"18:00","18:25",NA,NA,-52.20606433,-32.23240051,TRUE,2,3,"plastic-bag","shoreline and recreational"
"215",1,NA,NA,NA,2018-12-31,"18:00","18:25",NA,NA,-52.20603674,-32.23239473,TRUE,2,3,"beverage-PET","shoreline and recreational"
"216",1,NA,NA,NA,2018-12-31,"18:00","18:25",NA,NA,-52.20601941,-32.23226601,TRUE,2,3,"plastic-bag","shoreline and recreational"
"217",1,NA,NA,NA,2018-12-31,"18:00","18:25",NA,NA,-52.20601292,-32.23226702,TRUE,2,3,"ropes","ocean waterway"
"218",1,NA,NA,NA,2018-12-31,"18:00","18:25",NA,NA,-52.20601161,-32.23226845,TRUE,2,3,"fishing-line","ocean waterway"
"219",1,NA,NA,NA,2018-12-31,"18:00","18:25",NA,NA,-52.2058887,-32.23221147,TRUE,2,3,"dumping-activities","dumping"
"220",1,NA,NA,NA,2018-12-31,"18:00","18:25",NA,NA,-52.20586738,-32.23212595,TRUE,2,3,"plastic-bag","shoreline and recreational"
"221",1,NA,NA,NA,2018-12-31,"18:00","18:25",NA,NA,-52.20575876,-32.23208098,TRUE,2,3,"plastic-bag","shoreline and recreational"
"222",1,NA,NA,NA,2018-12-31,"18:00","18:25",NA,NA,-52.20575565,-32.2321267,TRUE,2,3,"plastic-bag","shoreline and recreational"
"223",1,NA,NA,NA,2018-12-31,"18:00","18:25",NA,NA,-52.20573786,-32.23206521,TRUE,2,3,"clothing-shoes","shoreline and recreational"
"224",1,NA,NA,NA,2018-12-31,"18:00","18:25",NA,NA,-52.20573615,-32.23206427,TRUE,2,3,"beverage-PET","shoreline and recreational"
"225",1,NA,NA,NA,2018-12-31,"18:00","18:25",NA,NA,-52.2057361,-32.23208641,TRUE,2,3,"plastic-bag","shoreline and recreational"
"226",1,NA,NA,NA,2018-12-31,"18:00","18:25",NA,NA,-52.2057342,-32.23206793,TRUE,2,3,"food-packing","shoreline and recreational"
"227",1,NA,NA,NA,2018-12-31,"18:00","18:25",NA,NA,-52.20572692,-32.23206675,TRUE,2,3,"fishing-line","ocean waterway"
"228",1,NA,NA,NA,2018-12-31,"18:00","18:25",NA,NA,-52.20572685,-32.23206579,TRUE,2,3,"ropes","ocean waterway"
"229",1,NA,NA,NA,2018-12-31,"18:00","18:25",NA,NA,-52.20572339,-32.23206463,TRUE,2,3,"plastic-bag","shoreline and recreational"
"230",1,NA,NA,NA,2019-02-16,NA,NA,0,"Lamp",-52.2731300294394,-32.3074748178057,TRUE,1,1,"dumping-activities","dumping"
"231",1,NA,NA,NA,2019-02-16,NA,NA,0,"Tetrapack",-52.2732083350991,-32.3075794024733,TRUE,1,1,"food-packing","shoreline and recreational"
"232",1,NA,NA,NA,2019-02-16,NA,NA,0,"Tetrapack",-52.2729136773367,-32.3071991663759,TRUE,1,1,"food-packing","shoreline and recreational"
"233",1,NA,NA,NA,2019-02-16,NA,NA,0,"Cano",-52.2731025193552,-32.3074455845831,TRUE,1,1,"building-materials","dumping"
"234",1,NA,NA,NA,2019-02-16,NA,NA,0,"Fim do último transecto  12:56",-52.2673712542573,-32.2998525511555,TRUE,1,3,"beverage-PET","shoreline and recreational"
"235",1,NA,NA,NA,2019-02-16,NA,NA,0,"Flag",-52.2668367602282,-32.2992244264457,TRUE,1,3,"ocean-waterway-activities","ocean waterway"
"236",1,NA,NA,NA,2019-02-16,NA,NA,0,"Glove",-52.2731259998345,-32.3074857254577,TRUE,1,1,"ocean-waterway-activities","ocean waterway"
"237",1,NA,NA,NA,2019-02-16,NA,NA,0,"Glove",-52.2730979903029,-32.3074338556582,TRUE,1,1,"ocean-waterway-activities","ocean waterway"
"238",1,NA,NA,NA,2019-02-16,NA,NA,0,"Metal",-52.2670469867303,-32.2994598006658,TRUE,1,3,"dumping-activities","dumping"
"239",1,NA,NA,NA,2019-02-16,NA,NA,0,"Pedaço de caixa e pesca. Creates?",-52.2728802714224,-32.3072256201837,TRUE,1,1,"crates","ocean waterway"
"240",1,NA,NA,NA,2019-02-16,NA,NA,0,"Pofe e iogurte",-52.2730664919654,-32.3073985913983,TRUE,1,1,"food-packing","shoreline and recreational"
"241",1,NA,NA,NA,2019-02-16,NA,NA,0,NA,-52.273258834693,-32.3076642877169,TRUE,1,1,"plastic-bag","shoreline and recreational"
"242",1,NA,NA,NA,2019-02-16,NA,NA,0,NA,-52.2732526199629,-32.3077192190452,TRUE,1,1,"beverage-PET","shoreline and recreational"
"243",1,NA,NA,NA,2019-02-16,NA,NA,0,NA,-52.2732420357625,-32.3076536438158,TRUE,1,1,"plastic-bag","shoreline and recreational"
"244",1,NA,NA,NA,2019-02-16,NA,NA,0,NA,-52.2732225102746,-32.3075898741265,TRUE,1,1,"clothing-shoes","shoreline and recreational"
"245",1,NA,NA,NA,2019-02-16,NA,NA,0,NA,-52.2732197331134,-32.3076261118591,TRUE,1,1,"plastic-bag","shoreline and recreational"
"246",1,NA,NA,NA,2019-02-16,NA,NA,0,NA,-52.2732193200967,-32.3076180064061,TRUE,1,1,"beverage-PET","shoreline and recreational"
"247",1,NA,NA,NA,2019-02-16,NA,NA,0,NA,-52.2732145565028,-32.3076196644281,TRUE,1,1,"ropes","ocean waterway"
"248",1,NA,NA,NA,2019-02-16,NA,NA,0,NA,-52.2732124644296,-32.3076289066603,TRUE,1,1,"ropes","ocean waterway"
"249",1,NA,NA,NA,2019-02-16,NA,NA,0,NA,-52.2732110593312,-32.3076089423451,TRUE,1,1,"beverage-PET","shoreline and recreational"
"250",1,NA,NA,NA,2019-02-16,NA,NA,0,NA,-52.2732094313578,-32.3076570244284,TRUE,1,1,"strapping-bands","ocean waterway"
"251",1,NA,NA,NA,2019-02-16,NA,NA,0,NA,-52.2732073450244,-32.3076586694632,TRUE,1,1,"beverage-PET","shoreline and recreational"
"252",1,NA,NA,NA,2019-02-16,NA,NA,0,NA,-52.2732072457467,-32.307616265926,TRUE,1,1,"plastic-bag","shoreline and recreational"
"253",1,NA,NA,NA,2019-02-16,NA,NA,0,NA,-52.2732042454026,-32.3076037703123,TRUE,1,1,"ropes","ocean waterway"
"254",1,NA,NA,NA,2019-02-16,NA,NA,0,NA,-52.2731971193092,-32.3075892453207,TRUE,1,1,"beverage-PET","shoreline and recreational"
"255",1,NA,NA,NA,2019-02-16,NA,NA,0,NA,-52.2731823019015,-32.3075775782868,TRUE,1,1,"food-packing","shoreline and recreational"
"256",1,NA,NA,NA,2019-02-16,NA,NA,0,NA,-52.273155772755,-32.3074909792582,TRUE,1,1,"clothing-shoes","shoreline and recreational"
"257",1,NA,NA,NA,2019-02-16,NA,NA,0,NA,-52.2731476690048,-32.3075671850534,TRUE,1,1,"plastic-bag","shoreline and recreational"
"258",1,NA,NA,NA,2019-02-16,NA,NA,0,NA,-52.2731332916309,-32.3074809585482,TRUE,1,1,"clothing-shoes","shoreline and recreational"
"259",1,NA,NA,NA,2019-02-16,NA,NA,0,NA,-52.2731323201249,-32.3074855497602,TRUE,1,1,"buoys-floats","ocean waterway"
"260",1,NA,NA,NA,2019-02-16,NA,NA,0,NA,-52.2731284291727,-32.3074862685744,TRUE,1,1,"fishing-line","ocean waterway"
"261",1,NA,NA,NA,2019-02-16,NA,NA,0,NA,-52.2731253942068,-32.307478986033,TRUE,1,1,"plastic-bag","shoreline and recreational"
"262",1,NA,NA,NA,2019-02-16,NA,NA,0,NA,-52.2731232597763,-32.307478606051,TRUE,1,1,"beverage-PET","shoreline and recreational"
"263",1,NA,NA,NA,2019-02-16,NA,NA,0,NA,-52.2731217538372,-32.307464690929,TRUE,1,1,"beverage-cans-metal","shoreline and recreational"
"264",1,NA,NA,NA,2019-02-16,NA,NA,0,NA,-52.2731095266393,-32.3074846768916,TRUE,1,1,"plastic-bag","shoreline and recreational"
"265",1,NA,NA,NA,2019-02-16,NA,NA,0,NA,-52.2731078285459,-32.3074915890033,TRUE,1,1,"food-packing","shoreline and recreational"
"266",1,NA,NA,NA,2019-02-16,NA,NA,0,NA,-52.2731021340739,-32.3074578564307,TRUE,1,1,"plastic-bag","shoreline and recreational"
"267",1,NA,NA,NA,2019-02-16,NA,NA,0,NA,-52.2730989672572,-32.3074591537962,TRUE,1,1,"ropes","ocean waterway"
"268",1,NA,NA,NA,2019-02-16,NA,NA,0,NA,-52.2730922402899,-32.3074371096627,TRUE,1,1,"plastic-bag","shoreline and recreational"
"269",1,NA,NA,NA,2019-02-16,NA,NA,0,NA,-52.2730921857067,-32.3074355199602,TRUE,1,1,"fishing-line","ocean waterway"
"270",1,NA,NA,NA,2019-02-16,NA,NA,0,NA,-52.2730916492931,-32.3074221724978,TRUE,1,1,"plastic-bag","shoreline and recreational"
"271",1,NA,NA,NA,2019-02-16,NA,NA,0,NA,-52.2730914275302,-32.3074557651073,TRUE,1,1,"food-packing","shoreline and recreational"
"272",1,NA,NA,NA,2019-02-16,NA,NA,0,NA,-52.2730832361084,-32.3074395339524,TRUE,1,1,"ropes","ocean waterway"
"273",1,NA,NA,NA,2019-02-16,NA,NA,0,NA,-52.2730726339974,-32.3074121942648,TRUE,1,1,"beverage-PET","shoreline and recreational"
"274",1,NA,NA,NA,2019-02-16,NA,NA,0,NA,-52.2730585801719,-32.3074040935357,TRUE,1,1,"beverage-PET","shoreline and recreational"
"275",1,NA,NA,NA,2019-02-16,NA,NA,0,NA,-52.2730349634354,-32.307405194206,TRUE,1,1,"strapping-bands","ocean waterway"
"276",1,NA,NA,NA,2019-02-16,NA,NA,0,NA,-52.273024002368,-32.3073432104843,TRUE,1,1,"fishing-net","ocean waterway"
"277",1,NA,NA,NA,2019-02-16,NA,NA,0,NA,-52.2729937234899,-32.3073000647256,TRUE,1,1,"ropes","ocean waterway"
"278",1,NA,NA,NA,2019-02-16,NA,NA,0,NA,-52.2729858311817,-32.3073353844184,TRUE,1,1,"ropes","ocean waterway"
"279",1,NA,NA,NA,2019-02-16,NA,NA,0,NA,-52.2729818095742,-32.3072889945049,TRUE,1,1,"plastic-bag","shoreline and recreational"
"280",1,NA,NA,NA,2019-02-16,NA,NA,0,NA,-52.2729545447354,-32.3072721507161,TRUE,1,1,"plastic-bag","shoreline and recreational"
"281",1,NA,NA,NA,2019-02-16,NA,NA,0,NA,-52.2729536667497,-32.3072830854641,TRUE,1,1,"plastic-bag","shoreline and recreational"
"282",1,NA,NA,NA,2019-02-16,NA,NA,0,NA,-52.2729520257057,-32.3072906764445,TRUE,1,1,"buoys-floats","ocean waterway"
"283",1,NA,NA,NA,2019-02-16,NA,NA,0,NA,-52.2729516136004,-32.3072701312311,TRUE,1,1,"beverage-PET","shoreline and recreational"
"284",1,NA,NA,NA,2019-02-16,NA,NA,0,NA,-52.2729464949028,-32.3073270942337,TRUE,1,1,"ropes","ocean waterway"
"285",1,NA,NA,NA,2019-02-16,NA,NA,0,NA,-52.2729436649028,-32.3072665753211,TRUE,1,1,"fishing-line","ocean waterway"
"286",1,NA,NA,NA,2019-02-16,NA,NA,0,NA,-52.2729296751091,-32.3072484635868,TRUE,1,1,"plastic-bag","shoreline and recreational"
"287",1,NA,NA,NA,2019-02-16,NA,NA,0,NA,-52.2729268345974,-32.3072691092447,TRUE,1,1,"plastic-bag","shoreline and recreational"
"288",1,NA,NA,NA,2019-02-16,NA,NA,0,NA,-52.2729123981143,-32.3072488342098,TRUE,1,1,"strapping-bands","ocean waterway"
"289",1,NA,NA,NA,2019-02-16,NA,NA,0,NA,-52.2729088920831,-32.3072147725333,TRUE,1,1,"food-packing","shoreline and recreational"
"290",1,NA,NA,NA,2019-02-16,NA,NA,0,NA,-52.272900688236,-32.3072080216652,TRUE,1,1,"cups-plates-forks-knives-spoons","shoreline and recreational"
"291",1,NA,NA,NA,2019-02-16,NA,NA,0,NA,-52.272900073654,-32.3071954126185,TRUE,1,1,"beverage-glass","shoreline and recreational"
"292",1,NA,NA,NA,2019-02-16,NA,NA,0,NA,-52.2728978084793,-32.3071996780767,TRUE,1,1,"ropes","ocean waterway"
"293",1,NA,NA,NA,2019-02-16,NA,NA,0,NA,-52.2728793724816,-32.3071933279493,TRUE,1,1,"ropes","ocean waterway"
"294",1,NA,NA,NA,2019-02-16,NA,NA,0,NA,-52.2728693754907,-32.3071774643487,TRUE,1,1,"food-packing","shoreline and recreational"
"295",1,NA,NA,NA,2019-02-16,NA,NA,0,NA,-52.2728661363849,-32.3071698500859,TRUE,1,1,"beverage-PET","shoreline and recreational"
"296",1,NA,NA,NA,2019-02-16,NA,NA,0,NA,-52.2728589516485,-32.307154207152,TRUE,1,1,"food-packing","shoreline and recreational"
"297",1,NA,NA,NA,2019-02-16,NA,NA,0,NA,-52.2728512383285,-32.3071524337628,TRUE,1,1,"plastic-bag","shoreline and recreational"
"298",1,NA,NA,NA,2019-02-16,NA,NA,0,NA,-52.272837325836,-32.3071309985845,TRUE,1,1,"clothing-shoes","shoreline and recreational"
"299",1,NA,NA,NA,2019-02-16,NA,NA,0,NA,-52.2728307918095,-32.3071547856111,TRUE,1,1,"ropes","ocean waterway"
"300",1,NA,NA,NA,2019-02-16,NA,NA,0,NA,-52.272823658817,-32.307135921078,TRUE,1,1,"ropes","ocean waterway"
"301",1,NA,NA,NA,2019-02-16,NA,NA,0,NA,-52.2728231837863,-32.3071305339327,TRUE,1,1,"plastic-bag","shoreline and recreational"
"302",1,NA,NA,NA,2019-02-16,NA,NA,0,NA,-52.2728074630208,-32.3071084670432,TRUE,1,1,"fishing-net","ocean waterway"
"303",1,NA,NA,NA,2019-02-16,NA,NA,0,NA,-52.272796209076,-32.3070602532344,TRUE,1,1,"clothing-shoes","shoreline and recreational"
"304",1,NA,NA,NA,2019-02-16,NA,NA,0,NA,-52.2727888404595,-32.3070801271582,TRUE,1,1,"ropes","ocean waterway"
"305",1,NA,NA,NA,2019-02-16,NA,NA,0,NA,-52.2727882882557,-32.3070630608162,TRUE,1,1,"food-packing","shoreline and recreational"
"306",1,NA,NA,NA,2019-02-16,NA,NA,0,NA,-52.2727739145489,-32.3070259380971,TRUE,1,1,"fishing-net","ocean waterway"
"307",1,NA,NA,NA,2019-02-16,NA,NA,0,NA,-52.2727730545268,-32.307027531618,TRUE,1,1,"ropes","ocean waterway"
"308",1,NA,NA,NA,2019-02-16,NA,NA,0,NA,-52.2727506730389,-32.3069833438935,TRUE,1,1,"plastic-bag","shoreline and recreational"
"309",1,NA,NA,NA,2019-02-16,NA,NA,0,NA,-52.2727480430048,-32.3069486366,TRUE,1,1,"food-packing","shoreline and recreational"
"310",1,NA,NA,NA,2019-02-16,NA,NA,0,NA,-52.269869891381,-32.3038538447718,TRUE,1,2,"food-packing","shoreline and recreational"
"311",1,NA,NA,NA,2019-02-16,NA,NA,0,NA,-52.2698511574311,-32.303797696322,TRUE,1,2,"plastic-bag","shoreline and recreational"
"312",1,NA,NA,NA,2019-02-16,NA,NA,0,NA,-52.2698341767826,-32.3038529589287,TRUE,1,2,"ropes","ocean waterway"
"313",1,NA,NA,NA,2019-02-16,NA,NA,0,NA,-52.2698197169274,-32.3036925116945,TRUE,1,2,"plastic-bag","shoreline and recreational"
"314",1,NA,NA,NA,2019-02-16,NA,NA,0,NA,-52.2698123455472,-32.3037225149624,TRUE,1,2,"cups-plates-forks-knives-spoons","shoreline and recreational"
"315",1,NA,NA,NA,2019-02-16,NA,NA,0,NA,-52.2698082902035,-32.3037441033156,TRUE,1,2,"plastic-bag","shoreline and recreational"
"316",1,NA,NA,NA,2019-02-16,NA,NA,0,NA,-52.2697935166209,-32.303664471646,TRUE,1,2,"food-packing","shoreline and recreational"
"317",1,NA,NA,NA,2019-02-16,NA,NA,0,NA,-52.2696286619414,-32.3035539974394,TRUE,1,2,"plastic-bag","shoreline and recreational"
"318",1,NA,NA,NA,2019-02-16,NA,NA,0,NA,-52.2696166085755,-32.3035130998597,TRUE,1,2,"ropes","ocean waterway"
"319",1,NA,NA,NA,2019-02-16,NA,NA,0,NA,-52.2694643067963,-32.3033004624672,TRUE,1,2,"clothing-shoes","shoreline and recreational"
"320",1,NA,NA,NA,2019-02-16,NA,NA,0,NA,-52.2694403944063,-32.3033127470845,TRUE,1,2,"plastic-bag","shoreline and recreational"
"321",1,NA,NA,NA,2019-02-16,NA,NA,0,NA,-52.2693921844912,-32.3032817239653,TRUE,1,2,"beverage-cans-metal","shoreline and recreational"
"322",1,NA,NA,NA,2019-02-16,NA,NA,0,NA,-52.2693609030265,-32.3032541667141,TRUE,1,2,"food-packing","shoreline and recreational"
"323",1,NA,NA,NA,2019-02-16,NA,NA,0,NA,-52.2673410955013,-32.2998369955068,TRUE,1,3,"food-packing","shoreline and recreational"
"324",1,NA,NA,NA,2019-02-16,NA,NA,0,NA,-52.2673305906723,-32.2998304759426,TRUE,1,3,"fishing-line","ocean waterway"
"325",1,NA,NA,NA,2019-02-16,NA,NA,0,NA,-52.2672417857596,-32.2997531112935,TRUE,1,3,"plastic-bag","shoreline and recreational"
"326",1,NA,NA,NA,2019-02-16,NA,NA,0,NA,-52.2672331056597,-32.2997157917093,TRUE,1,3,"plastic-bag","shoreline and recreational"
"327",1,NA,NA,NA,2019-02-16,NA,NA,0,NA,-52.2672111251772,-32.2997041175563,TRUE,1,3,"food-packing","shoreline and recreational"
"328",1,NA,NA,NA,2019-02-16,NA,NA,0,NA,-52.2671978536851,-32.2996560465757,TRUE,1,3,"ropes","ocean waterway"
"329",1,NA,NA,NA,2019-02-16,NA,NA,0,NA,-52.2671906527764,-32.2996603889657,TRUE,1,3,"beverage-PET","shoreline and recreational"
"330",1,NA,NA,NA,2019-02-16,NA,NA,0,NA,-52.2671891573861,-32.2996768366048,TRUE,1,3,"ropes","ocean waterway"
"331",1,NA,NA,NA,2019-02-16,NA,NA,0,NA,-52.2671832445452,-32.2996493275858,TRUE,1,3,"strapping-bands","ocean waterway"
"332",1,NA,NA,NA,2019-02-16,NA,NA,0,NA,-52.2671773937488,-32.2996501834004,TRUE,1,3,"clothing-shoes","shoreline and recreational"
"333",1,NA,NA,NA,2019-02-16,NA,NA,0,NA,-52.2671720467696,-32.2996916726213,TRUE,1,3,"clothing-shoes","shoreline and recreational"
"334",1,NA,NA,NA,2019-02-16,NA,NA,0,NA,-52.2671665978659,-32.2996700206262,TRUE,1,3,"plastic-bag","shoreline and recreational"
"335",1,NA,NA,NA,2019-02-16,NA,NA,0,NA,-52.2670833298146,-32.2995293052048,TRUE,1,3,"cups-plates-forks-knives-spoons","shoreline and recreational"
"336",1,NA,NA,NA,2019-02-16,NA,NA,0,NA,-52.2670276453639,-32.2994895879543,TRUE,1,3,"strapping-bands","ocean waterway"
"337",1,NA,NA,NA,2019-02-16,NA,NA,0,NA,-52.2669612061146,-32.2993611414672,TRUE,1,3,"ropes","ocean waterway"
"338",1,NA,NA,NA,2019-02-16,NA,NA,0,NA,-52.2669412153351,-32.2993308350726,TRUE,1,3,"plastic-bag","shoreline and recreational"
"339",1,NA,NA,NA,2019-02-16,NA,NA,0,NA,-52.2668301356645,-32.2991999100883,TRUE,1,3,"ropes","ocean waterway"
"340",1,NA,NA,NA,2019-02-16,NA,NA,0,NA,-52.266805455761,-32.2991697146641,TRUE,1,3,"plastic-bag","shoreline and recreational"
"341",1,NA,NA,NA,2019-02-16,NA,NA,0,NA,-52.2667632252951,-32.2991148835636,TRUE,1,3,"plastic-bag","shoreline and recreational"
"342",1,NA,NA,NA,2019-02-16,NA,NA,NA,"Cardboard",-52.2130655116852,-32.239002859317,TRUE,2,1,"paper-bag","shoreline and recreational"
"343",1,NA,NA,NA,2019-02-16,NA,NA,NA,"Cotton",-52.205613263178,-32.2318746972838,TRUE,2,3,"medical-personal-hygiene","medical personal hygiene"
"344",1,NA,NA,NA,2019-02-16,NA,NA,NA,"Cotton",-52.2053883358998,-32.2317148277889,TRUE,2,3,"medical-personal-hygiene","medical personal hygiene"
"345",1,NA,NA,NA,2019-02-16,NA,NA,NA,"Papel higienico",-52.2057968599679,-32.2320242937686,TRUE,2,3,"medical-personal-hygiene","medical personal hygiene"
"346",1,NA,NA,NA,2019-02-16,NA,NA,NA,NA,-52.2732758484979,-32.3077550777474,TRUE,1,1,"plastic-bag","shoreline and recreational"
"347",1,NA,NA,NA,2019-02-16,NA,NA,NA,NA,-52.2133525962953,-32.239297147114,TRUE,2,1,"plastic-bag","shoreline and recreational"
"348",1,NA,NA,NA,2019-02-16,NA,NA,NA,NA,-52.213312447779,-32.2392436493082,TRUE,2,1,"plastic-bag","shoreline and recreational"
"349",1,NA,NA,NA,2019-02-16,NA,NA,NA,NA,-52.2132363327346,-32.2391734801959,TRUE,2,1,"plastic-bag","shoreline and recreational"
"350",1,NA,NA,NA,2019-02-16,NA,NA,NA,NA,-52.2132308785533,-32.2391759834745,TRUE,2,1,"beverage-PET","shoreline and recreational"
"351",1,NA,NA,NA,2019-02-16,NA,NA,NA,NA,-52.2131460759992,-32.23906005057,TRUE,2,1,"strapping-bands","ocean waterway"
"352",1,NA,NA,NA,2019-02-16,NA,NA,NA,NA,-52.2131382419805,-32.2390470136555,TRUE,2,1,"oil-bottles","ocean waterway"
"353",1,NA,NA,NA,2019-02-16,NA,NA,NA,NA,-52.2131080440502,-32.2390366926396,TRUE,2,1,"plastic-bag","shoreline and recreational"
"354",1,NA,NA,NA,2019-02-16,NA,NA,NA,NA,-52.2130997657185,-32.2390427675692,TRUE,2,1,"clothing-shoes","shoreline and recreational"
"355",1,NA,NA,NA,2019-02-16,NA,NA,NA,NA,-52.2130508098023,-32.238998814253,TRUE,2,1,"plastic-bag","shoreline and recreational"
"356",1,NA,NA,NA,2019-02-16,NA,NA,NA,NA,-52.2130437609041,-32.2389699115051,TRUE,2,1,"ropes","ocean waterway"
"357",1,NA,NA,NA,2019-02-16,NA,NA,NA,NA,-52.2129718329342,-32.2388999249245,TRUE,2,1,"ropes","ocean waterway"
"358",1,NA,NA,NA,2019-02-16,NA,NA,NA,NA,-52.2128956544651,-32.2388042864402,TRUE,2,1,"ropes","ocean waterway"
"359",1,NA,NA,NA,2019-02-16,NA,NA,NA,NA,-52.2128535818643,-32.2387652342796,TRUE,2,1,"beverage-PET","shoreline and recreational"
"360",1,NA,NA,NA,2019-02-16,NA,NA,NA,NA,-52.2127748274386,-32.2386740811457,TRUE,2,1,"food-packing","shoreline and recreational"
"361",1,NA,NA,NA,2019-02-16,NA,NA,NA,NA,-52.2127748274386,-32.2386740811457,TRUE,2,1,"ropes","ocean waterway"
"362",1,NA,NA,NA,2019-02-16,NA,NA,NA,NA,-52.2092502096735,-32.2362472252638,TRUE,2,2,"food-packing","shoreline and recreational"
"363",1,NA,NA,NA,2019-02-16,NA,NA,NA,NA,-52.2059751202953,-32.2322293935032,TRUE,2,3,"food-packing","shoreline and recreational"
"364",1,NA,NA,NA,2019-02-16,NA,NA,NA,NA,-52.2059608464272,-32.2322270981767,TRUE,2,3,"cups-plates-forks-knives-spoons","shoreline and recreational"
"365",1,NA,NA,NA,2019-02-16,NA,NA,NA,NA,-52.2059424286001,-32.2321513265565,TRUE,2,3,"plastic-bag","shoreline and recreational"
"366",1,NA,NA,NA,2019-02-16,NA,NA,NA,NA,-52.2059404702234,-32.232145778759,TRUE,2,3,"ropes","ocean waterway"
"367",1,NA,NA,NA,2019-02-16,NA,NA,NA,NA,-52.2059285159941,-32.2321976967825,TRUE,2,3,"food-packing","shoreline and recreational"
"368",1,NA,NA,NA,2019-02-16,NA,NA,NA,NA,-52.2059164040205,-32.2321339575158,TRUE,2,3,"plastic-bag","shoreline and recreational"
"369",1,NA,NA,NA,2019-02-16,NA,NA,NA,NA,-52.2058704881145,-32.2321036883705,TRUE,2,3,"plastic-bag","shoreline and recreational"
"370",1,NA,NA,NA,2019-02-16,NA,NA,NA,NA,-52.205863935669,-32.2320861186746,TRUE,2,3,"ropes","ocean waterway"
"371",1,NA,NA,NA,2019-02-16,NA,NA,NA,NA,-52.2058518593605,-32.2320614284114,TRUE,2,3,"ropes","ocean waterway"
"372",1,NA,NA,NA,2019-02-16,NA,NA,NA,NA,-52.2058288845677,-32.2320446392199,TRUE,2,3,"fishing-line","ocean waterway"
"373",1,NA,NA,NA,2019-02-16,NA,NA,NA,NA,-52.2057989793874,-32.2320365900014,TRUE,2,3,"clothing-shoes","shoreline and recreational"
"374",1,NA,NA,NA,2019-02-16,NA,NA,NA,NA,-52.2057680889136,-32.2319936226834,TRUE,2,3,"medical-personal-hygiene","medical personal hygiene"
"375",1,NA,NA,NA,2019-02-16,NA,NA,NA,NA,-52.2057562606283,-32.2319710506812,TRUE,2,3,"fishing-line","ocean waterway"
"376",1,NA,NA,NA,2019-02-16,NA,NA,NA,NA,-52.2057490261912,-32.2319625420994,TRUE,2,3,"ropes","ocean waterway"
"377",1,NA,NA,NA,2019-02-16,NA,NA,NA,NA,-52.205747805014,-32.231980878166,TRUE,2,3,"cups-plates-forks-knives-spoons","shoreline and recreational"
"378",1,NA,NA,NA,2019-02-16,NA,NA,NA,NA,-52.2056499376907,-32.2319236509063,TRUE,2,3,"fishing-line","ocean waterway"
"379",1,NA,NA,NA,2019-02-16,NA,NA,NA,NA,-52.2056429673217,-32.2318977684716,TRUE,2,3,"food-packing","shoreline and recreational"
"380",1,NA,NA,NA,2019-02-16,NA,NA,NA,NA,-52.2056287696569,-32.2318893384755,TRUE,2,3,"ropes","ocean waterway"
"381",1,NA,NA,NA,2019-02-16,NA,NA,NA,NA,-52.2056249614672,-32.2319154541835,TRUE,2,3,"plastic-bag","shoreline and recreational"
"382",1,NA,NA,NA,2019-02-16,NA,NA,NA,NA,-52.2056002687606,-32.2318600440053,TRUE,2,3,"food-packing","shoreline and recreational"
"383",1,NA,NA,NA,2019-02-16,NA,NA,NA,NA,-52.2055887074787,-32.2318502963321,TRUE,2,3,"plastic-bag","shoreline and recreational"
"384",1,NA,NA,NA,2019-02-16,NA,NA,NA,NA,-52.2055649389203,-32.2318313473631,TRUE,2,3,"cups-plates-forks-knives-spoons","shoreline and recreational"
"385",1,NA,NA,NA,2019-02-16,NA,NA,NA,NA,-52.2054607855473,-32.2317381570039,TRUE,2,3,"ropes","ocean waterway"
"386",1,NA,NA,NA,2019-02-16,NA,NA,NA,NA,-52.2053752294021,-32.2317206439883,TRUE,2,3,"food-packing","shoreline and recreational"
"387",1,NA,NA,NA,2019-02-16,NA,NA,NA,NA,-52.2053752294021,-32.2317206439883,TRUE,2,3,"plastic-bag","shoreline and recreational"
"388",1,NA,NA,NA,2019-02-17,NA,NA,1,"Embalagem de canudos",-52.1500712867812,-32.1852415345315,TRUE,3,1,"straw-stirrers","shoreline and recreational"
"389",1,NA,NA,NA,2019-02-17,NA,NA,1,"Glove",-52.1417201007373,-32.1787339856442,TRUE,3,3,"ocean-waterway-activities","ocean waterway"
"390",1,NA,NA,NA,2019-02-17,NA,NA,1,"GUardanapo",-52.1450752990014,-32.1821660382619,TRUE,3,2,"shoreline-and-recreational-activities","shoreline and recreational"
"391",1,NA,NA,NA,2019-02-17,NA,NA,1,"Localizada o errada seguir o próximo ponto",-52.1414706092446,-32.178592889619,TRUE,3,3,"clothing-shoes","shoreline and recreational"
"392",1,NA,NA,NA,2019-02-17,NA,NA,1,"Lona",-52.1415224715893,-32.1786052327999,TRUE,3,3,"dumping-activities","dumping"
"393",1,NA,NA,NA,2019-02-17,NA,NA,1,"Sunscreen",-52.1493039561288,-32.1846610243168,TRUE,3,1,"medical-personal-hygiene","medical personal hygiene"
"394",1,NA,NA,NA,2019-02-17,NA,NA,1,NA,-52.1501300074728,-32.1853206888,TRUE,3,1,"beverage-cans-metal","shoreline and recreational"
"395",1,NA,NA,NA,2019-02-17,NA,NA,1,NA,-52.1500693153473,-32.1853268116971,TRUE,3,1,"toys","shoreline and recreational"
"396",1,NA,NA,NA,2019-02-17,NA,NA,1,NA,-52.1499410227923,-32.1851691144522,TRUE,3,1,"plastic-bag","shoreline and recreational"
"397",1,NA,NA,NA,2019-02-17,NA,NA,1,NA,-52.149926674234,-32.1852002700784,TRUE,3,1,"food-packing","shoreline and recreational"
"398",1,NA,NA,NA,2019-02-17,NA,NA,1,NA,-52.1499229923823,-32.1851264746858,TRUE,3,1,"food-packing","shoreline and recreational"
"399",1,NA,NA,NA,2019-02-17,NA,NA,1,NA,-52.1499210685636,-32.1851603398734,TRUE,3,1,"straw-stirrers","shoreline and recreational"
"400",1,NA,NA,NA,2019-02-17,NA,NA,1,NA,-52.1499140017728,-32.1850530864132,TRUE,3,1,"food-packing","shoreline and recreational"
"401",1,NA,NA,NA,2019-02-17,NA,NA,1,NA,-52.149913248991,-32.1850808772663,TRUE,3,1,"food-packing","shoreline and recreational"
"402",1,NA,NA,NA,2019-02-17,NA,NA,1,NA,-52.1499092026873,-32.1850690947792,TRUE,3,1,"straw-stirrers","shoreline and recreational"
"403",1,NA,NA,NA,2019-02-17,NA,NA,1,NA,-52.1498024735747,-32.1850034709692,TRUE,3,1,"food-packing","shoreline and recreational"
"404",1,NA,NA,NA,2019-02-17,NA,NA,1,NA,-52.1498009627717,-32.1850070237885,TRUE,3,1,"food-packing","shoreline and recreational"
"405",1,NA,NA,NA,2019-02-17,NA,NA,1,NA,-52.1497805804547,-32.1849982666918,TRUE,3,1,"food-packing","shoreline and recreational"
"406",1,NA,NA,NA,2019-02-17,NA,NA,1,NA,-52.1497667885179,-32.1849758794599,TRUE,3,1,"medical-personal-hygiene","medical personal hygiene"
"407",1,NA,NA,NA,2019-02-17,NA,NA,1,NA,-52.1497113804721,-32.1849978539651,TRUE,3,1,"food-packing","shoreline and recreational"
"408",1,NA,NA,NA,2019-02-17,NA,NA,1,NA,-52.1497067500089,-32.184998837896,TRUE,3,1,"dumping-activities","dumping"
"409",1,NA,NA,NA,2019-02-17,NA,NA,1,NA,-52.149697532572,-32.1849773581458,TRUE,3,1,"clothing-shoes","shoreline and recreational"
"410",1,NA,NA,NA,2019-02-17,NA,NA,1,NA,-52.1496891133801,-32.1849274085704,TRUE,3,1,"tobacco-packing","smoking related"
"411",1,NA,NA,NA,2019-02-17,NA,NA,1,NA,-52.1496706569872,-32.184921745269,TRUE,3,1,"food-packing","shoreline and recreational"
"412",1,NA,NA,NA,2019-02-17,NA,NA,1,NA,-52.1496418614204,-32.184932522799,TRUE,3,1,"food-packing","shoreline and recreational"
"413",1,NA,NA,NA,2019-02-17,NA,NA,1,NA,-52.1496293647798,-32.1849376995946,TRUE,3,1,"straw-stirrers","shoreline and recreational"
"414",1,NA,NA,NA,2019-02-17,NA,NA,1,NA,-52.1496284466111,-32.184916560109,TRUE,3,1,"plastic-bag","shoreline and recreational"
"415",1,NA,NA,NA,2019-02-17,NA,NA,1,NA,-52.1493220929765,-32.1846638030915,TRUE,3,1,"beverage-cans-metal","shoreline and recreational"
"416",1,NA,NA,NA,2019-02-17,NA,NA,1,NA,-52.149318286749,-32.1846740601955,TRUE,3,1,"food-packing","shoreline and recreational"
"417",1,NA,NA,NA,2019-02-17,NA,NA,1,NA,-52.1493070879185,-32.1846344762541,TRUE,3,1,"plastic-bag","shoreline and recreational"
"418",1,NA,NA,NA,2019-02-17,NA,NA,1,NA,-52.1459233521443,-32.1827654758206,TRUE,3,2,"food-packing","shoreline and recreational"
"419",1,NA,NA,NA,2019-02-17,NA,NA,1,NA,-52.1459165605256,-32.1827657090485,TRUE,3,2,"clothing-shoes","shoreline and recreational"
"420",1,NA,NA,NA,2019-02-17,NA,NA,1,NA,-52.1458443139982,-32.1827110139443,TRUE,3,2,"straw-stirrers","shoreline and recreational"
"421",1,NA,NA,NA,2019-02-17,NA,NA,1,NA,-52.1456579699063,-32.182802093812,TRUE,3,2,"plastic-bag","shoreline and recreational"
"422",1,NA,NA,NA,2019-02-17,NA,NA,1,NA,-52.1453795942463,-32.1824405495537,TRUE,3,2,"beverage-PET","shoreline and recreational"
"423",1,NA,NA,NA,2019-02-17,NA,NA,1,NA,-52.1453549975555,-32.1823810194053,TRUE,3,2,"food-packing","shoreline and recreational"
"424",1,NA,NA,NA,2019-02-17,NA,NA,1,NA,-52.1448311246865,-32.1819600778106,TRUE,3,2,"food-packing","shoreline and recreational"
"425",1,NA,NA,NA,2019-02-17,NA,NA,1,NA,-52.1448311246865,-32.1819600778106,TRUE,3,2,"shoreline-and-recreational-activities","shoreline and recreational"
"426",1,NA,NA,NA,2019-02-17,NA,NA,1,NA,-52.1419932407344,-32.1789135037677,TRUE,3,3,"paper-bag","shoreline and recreational"
"427",1,NA,NA,NA,2019-02-17,NA,NA,1,NA,-52.141973476094,-32.1788979479618,TRUE,3,3,"clothing-shoes","shoreline and recreational"
"428",1,NA,NA,NA,2019-02-17,NA,NA,1,NA,-52.1419714968514,-32.1788850068033,TRUE,3,3,"food-packing","shoreline and recreational"
"429",1,NA,NA,NA,2019-02-17,NA,NA,1,NA,-52.1419576888957,-32.1788923796418,TRUE,3,3,"straw-stirrers","shoreline and recreational"
"430",1,NA,NA,NA,2019-02-17,NA,NA,1,NA,-52.1419232335332,-32.1788726083657,TRUE,3,3,"paper-bag","shoreline and recreational"
"431",1,NA,NA,NA,2019-02-17,NA,NA,1,NA,-52.1418386453082,-32.1788234003386,TRUE,3,3,"ropes","ocean waterway"
"432",1,NA,NA,NA,2019-02-17,NA,NA,1,NA,-52.1418386453082,-32.1788234003386,TRUE,3,3,"straw-stirrers","shoreline and recreational"
"433",1,NA,NA,NA,2019-02-17,NA,NA,1,NA,-52.1418322717048,-32.1788082774275,TRUE,3,3,"straw-stirrers","shoreline and recreational"
"434",1,NA,NA,NA,2019-02-17,NA,NA,1,NA,-52.1417874086447,-32.1787751590802,TRUE,3,3,"straw-stirrers","shoreline and recreational"
"435",1,NA,NA,NA,2019-02-17,NA,NA,1,NA,-52.1417688895948,-32.1787658962965,TRUE,3,3,"straw-stirrers","shoreline and recreational"
"436",1,NA,NA,NA,2019-02-17,NA,NA,1,NA,-52.1417523791508,-32.1787525395286,TRUE,3,3,"tobacco-packing","smoking related"
"437",1,NA,NA,NA,2019-02-17,NA,NA,1,NA,-52.1417387827377,-32.17874163418,TRUE,3,3,"clothing-shoes","shoreline and recreational"
"438",1,NA,NA,NA,2019-02-17,NA,NA,1,NA,-52.1416936690862,-32.1787197909208,TRUE,3,3,"ropes","ocean waterway"
"439",1,NA,NA,NA,2019-02-17,NA,NA,1,NA,-52.1416663086916,-32.1787277803913,TRUE,3,3,"plastic-bag","shoreline and recreational"
"440",1,NA,NA,NA,2019-02-17,NA,NA,1,NA,-52.1416662128868,-32.1786983287963,TRUE,3,3,"ropes","ocean waterway"
"441",1,NA,NA,NA,2019-02-17,NA,NA,1,NA,-52.1416504366645,-32.178688383425,TRUE,3,3,"fishing-line","ocean waterway"
"442",1,NA,NA,NA,2019-02-17,NA,NA,1,NA,-52.1416430317791,-32.1786958659282,TRUE,3,3,"medical-personal-hygiene","medical personal hygiene"
"443",1,NA,NA,NA,2019-02-17,NA,NA,1,NA,-52.1415922604065,-32.1786841512626,TRUE,3,3,"straw-stirrers","shoreline and recreational"
"444",1,NA,NA,NA,2019-02-17,NA,NA,1,NA,-52.1415768429092,-32.1786781901343,TRUE,3,3,"straw-stirrers","shoreline and recreational"
"445",1,NA,NA,NA,2019-02-17,NA,NA,1,NA,-52.141540950058,-32.1786289378655,TRUE,3,3,"clothing-shoes","shoreline and recreational"
"446",1,NA,NA,NA,2019-02-17,NA,NA,1,NA,-52.1415320911434,-32.178609331768,TRUE,3,3,"plastic-bag","shoreline and recreational"
"447",1,NA,NA,NA,2019-02-17,NA,NA,1,NA,-52.141516953921,-32.1786160896135,TRUE,3,3,"food-packing","shoreline and recreational"
"448",1,NA,NA,NA,2019-02-17,NA,NA,1,NA,-52.1414971335766,-32.1785982991023,TRUE,3,3,"clothing-shoes","shoreline and recreational"
"449",2,"DCIM/20190216135547882.jpg",NA,NA,2019-02-16,NA,NA,0,"Flag  and  plastic pants",-52.2731150203592,-32.3074613893264,TRUE,1,1,"ocean-waterway-activities","ocean waterway"
"450",2,"DCIM/20190216162414999.jpg",NA,NA,2019-02-16,NA,NA,NA,"Guardanapo de papel",-52.2092898331394,-32.2362164906313,TRUE,2,2,"shoreline-and-recreational-activities","shoreline and recreational"
"451",2,"DCIM/20190217215414811.jpg",NA,NA,2019-02-17,NA,NA,1,NA,-52.1492861603877,-32.1846470260426,TRUE,3,1,"medical-personal-hygiene","medical personal hygiene"
"452",2,NA,NA,NA,2019-02-16,NA,NA,0,"Cotton bus and rexona",-52.2728714916558,-32.3071679476515,TRUE,1,1,"medical-personal-hygiene","medical personal hygiene"
"453",2,NA,NA,NA,2019-02-16,NA,NA,0,NA,-52.273272303349,-32.3077453653019,TRUE,1,1,"ropes","ocean waterway"
"454",2,NA,NA,NA,2019-02-16,NA,NA,0,NA,-52.2732314079691,-32.3076479275917,TRUE,1,1,"food-packing","shoreline and recreational"
"455",2,NA,NA,NA,2019-02-16,NA,NA,0,NA,-52.2732107439092,-32.3076522092933,TRUE,1,1,"plastic-bag","shoreline and recreational"
"456",2,NA,NA,NA,2019-02-16,NA,NA,0,NA,-52.273122239143,-32.307466383665,TRUE,1,1,"fishing-line","ocean waterway"
"457",2,NA,NA,NA,2019-02-16,NA,NA,0,NA,-52.2731099252127,-32.3074724052242,TRUE,1,1,"ropes","ocean waterway"
"458",2,NA,NA,NA,2019-02-16,NA,NA,0,NA,-52.2728818334514,-32.3071918959558,TRUE,1,1,"plastic-bag","shoreline and recreational"
"459",2,NA,NA,NA,2019-02-16,NA,NA,0,NA,-52.2728773832336,-32.3071971776478,TRUE,1,1,"beverage-PET","shoreline and recreational"
"460",2,NA,NA,NA,2019-02-16,NA,NA,0,NA,-52.2728322215787,-32.3071615303655,TRUE,1,1,"food-packing","shoreline and recreational"
"461",2,NA,NA,NA,2019-02-16,NA,NA,0,NA,-52.2728097008015,-32.3070963890137,TRUE,1,1,"clothing-shoes","shoreline and recreational"
"462",2,NA,NA,NA,2019-02-16,NA,NA,0,NA,-52.2727973669542,-32.3070565747268,TRUE,1,1,"plastic-bag","shoreline and recreational"
"463",2,NA,NA,NA,2019-02-16,NA,NA,0,NA,-52.2727846353087,-32.307100580679,TRUE,1,1,"clothing-shoes","shoreline and recreational"
"464",2,NA,NA,NA,2019-02-16,NA,NA,0,NA,-52.2727475070542,-32.3070449769423,TRUE,1,1,"beverage-PET","shoreline and recreational"
"465",2,NA,NA,NA,2019-02-16,NA,NA,0,NA,-52.2727292098832,-32.306942504671,TRUE,1,1,"plastic-bag","shoreline and recreational"
"466",2,NA,NA,NA,2019-02-16,NA,NA,0,NA,-52.2727096789327,-32.3069417104452,TRUE,1,1,"ropes","ocean waterway"
"467",2,NA,NA,NA,2019-02-16,NA,NA,0,NA,-52.2672716870906,-32.2997772351361,TRUE,1,3,"fishing-line","ocean waterway"
"468",2,NA,NA,NA,2019-02-16,NA,NA,0,NA,-52.2672050054433,-32.2996977201863,TRUE,1,3,"plastic-bag","shoreline and recreational"
"469",2,NA,NA,NA,2019-02-16,NA,NA,0,NA,-52.2670551497828,-32.2994676971945,TRUE,1,3,"plastic-bag","shoreline and recreational"
"470",2,NA,NA,NA,2019-02-16,NA,NA,NA,"Hora de início do trecho três do parque eólico",-52.206155484359,-32.2324146939536,TRUE,2,3,"fishing-line","ocean waterway"
"471",2,NA,NA,NA,2019-02-16,NA,NA,NA,NA,-52.2732899410682,-32.3077218167682,TRUE,1,1,"plastic-bag","shoreline and recreational"
"472",2,NA,NA,NA,2019-02-16,NA,NA,NA,NA,-52.2732741793044,-32.3077414973593,TRUE,1,1,"food-packing","shoreline and recreational"
"473",2,NA,NA,NA,2019-02-16,NA,NA,NA,NA,-52.2131383173312,-32.2390526772146,TRUE,2,1,"fishing-line","ocean waterway"
"474",2,NA,NA,NA,2019-02-16,NA,NA,NA,NA,-52.206155484359,-32.2324146939536,TRUE,2,3,"food-packing","shoreline and recreational"
"475",2,NA,NA,NA,2019-02-16,NA,NA,NA,NA,-52.206155484359,-32.2324146939536,TRUE,2,3,"paper-bag","shoreline and recreational"
"476",2,NA,NA,NA,2019-02-16,NA,NA,NA,NA,-52.2059828513217,-32.2322340932957,TRUE,2,3,"fishing-line","ocean waterway"
"477",2,NA,NA,NA,2019-02-16,NA,NA,NA,NA,-52.2059007328088,-32.2321395886991,TRUE,2,3,"plastic-bag","shoreline and recreational"
"478",2,NA,NA,NA,2019-02-16,NA,NA,NA,NA,-52.2057465344339,-32.2319897919269,TRUE,2,3,"plastic-bag","shoreline and recreational"
"479",2,NA,NA,NA,2019-02-16,NA,NA,NA,NA,-52.2056967211431,-32.2319352493721,TRUE,2,3,"plastic-bag","shoreline and recreational"
"480",2,NA,NA,NA,2019-02-16,NA,NA,NA,NA,-52.2056209366337,-32.2319137972614,TRUE,2,3,"ropes","ocean waterway"
"481",2,NA,NA,NA,2019-02-16,NA,NA,NA,NA,-52.2054988827471,-32.2317988155423,TRUE,2,3,"ropes","ocean waterway"
"482",2,NA,NA,NA,2019-02-16,NA,NA,NA,NA,-52.2054910951791,-32.2318037080677,TRUE,2,3,"fishing-line","ocean waterway"
"483",2,NA,NA,NA,2019-02-17,NA,NA,1,NA,-52.1495865496044,-32.18487884399,TRUE,3,1,"cups-plates-forks-knives-spoons","shoreline and recreational"
"484",2,NA,NA,NA,2019-02-17,NA,NA,1,NA,-52.1419831019437,-32.1788991707565,TRUE,3,3,"ropes","ocean waterway"
"485",2,NA,NA,NA,2019-02-17,NA,NA,1,NA,-52.141860220824,-32.1788525427461,TRUE,3,3,"straw-stirrers","shoreline and recreational"
"486",2,NA,NA,NA,2019-02-17,NA,NA,1,NA,-52.1418508270155,-32.1788357026083,TRUE,3,3,"plastic-bag","shoreline and recreational"
"487",2,NA,NA,NA,2019-02-17,NA,NA,1,NA,-52.1417507079383,-32.1787527108045,TRUE,3,3,"ropes","ocean waterway"
"488",2,NA,NA,NA,2019-02-17,NA,NA,1,NA,-52.1417276787814,-32.1787489423518,TRUE,3,3,"plastic-bag","shoreline and recreational"
"489",2,NA,NA,NA,2019-02-17,NA,NA,1,NA,-52.1416387840179,-32.1786827738205,TRUE,3,3,"medical-personal-hygiene","medical personal hygiene"
"490",2,NA,NA,NA,2019-02-17,NA,NA,1,NA,-52.1416095212832,-32.1786765564745,TRUE,3,3,"plastic-bag","shoreline and recreational"
"491",2,NA,NA,NA,2019-02-17,NA,NA,1,NA,-52.1414947293897,-32.1786096554652,TRUE,3,3,"ropes","ocean waterway"
"492",2,NA,NA,NA,2019-02-17,NA,NA,1,NA,-52.1414803220148,-32.1785919326417,TRUE,3,3,"fishing-line","ocean waterway"
"493",2,NA,NA,NA,2019-02-17,NA,NA,1,NA,-52.1414755578919,-32.1786057297633,TRUE,3,3,"straw-stirrers","shoreline and recreational"
"494",3,"DCIM/20190216134544489.jpg",NA,NA,2019-02-16,NA,NA,0,NA,-52.2731305382409,-32.3074981227518,TRUE,1,1,"fishing-net","ocean waterway"
"495",3,"DCIM/20190216152007367.jpg",NA,NA,2019-02-16,NA,NA,0,NA,-52.2670645596745,-32.2994639226585,TRUE,1,3,"ropes","ocean waterway"
"496",3,NA,NA,NA,2018-12-30,"20:20","20:27",NA,"3",-52.14681265,-32.18317428,TRUE,3,1,"beverage-cans-metal","shoreline and recreational"
"497",3,NA,NA,NA,2018-12-30,"20:20","20:27",NA,"3 Itens",-52.14681764,-32.18317936,TRUE,3,1,"beverage-PET","shoreline and recreational"
"498",3,NA,NA,NA,2018-12-30,"20:36","20:44",NA,"Folder Festa 3.",-52.14971165,-32.18573382,TRUE,3,2,"paper-bag","shoreline and recreational"
"499",3,NA,NA,NA,2019-02-16,NA,NA,0,NA,-52.2732400177077,-32.3076959599631,TRUE,1,1,"plastic-bag","shoreline and recreational"
"500",3,NA,NA,NA,2019-02-16,NA,NA,0,NA,-52.2732105686398,-32.3076140763983,TRUE,1,1,"fishing-line","ocean waterway"
"501",3,NA,NA,NA,2019-02-16,NA,NA,0,NA,-52.2731449167475,-32.30750645404,TRUE,1,1,"plastic-bag","shoreline and recreational"
"502",3,NA,NA,NA,2019-02-16,NA,NA,0,NA,-52.2731275712604,-32.3074838654925,TRUE,1,1,"fishing-line","ocean waterway"
"503",3,NA,NA,NA,2019-02-16,NA,NA,0,NA,-52.2731259761711,-32.3075213514126,TRUE,1,1,"beverage-PET","shoreline and recreational"
"504",3,NA,NA,NA,2019-02-16,NA,NA,0,NA,-52.2731121248332,-32.3075019653606,TRUE,1,1,"fishing-line","ocean waterway"
"505",3,NA,NA,NA,2019-02-16,NA,NA,0,NA,-52.2731067782434,-32.3074649792288,TRUE,1,1,"plastic-bag","shoreline and recreational"
"506",3,NA,NA,NA,2019-02-16,NA,NA,0,NA,-52.2729418271062,-32.3072574918284,TRUE,1,1,"ropes","ocean waterway"
"507",3,NA,NA,NA,2019-02-16,NA,NA,0,NA,-52.2728093157518,-32.3070437215354,TRUE,1,1,"fishing-line","ocean waterway"
"508",3,NA,NA,NA,2019-02-16,NA,NA,0,NA,-52.2727894174678,-32.3070589804054,TRUE,1,1,"fishing-line","ocean waterway"
"509",3,NA,NA,NA,2019-02-16,NA,NA,0,NA,-52.2727435042157,-32.3069656302406,TRUE,1,1,"ropes","ocean waterway"
"510",3,NA,NA,NA,2019-02-16,NA,NA,NA,NA,-52.2131397417849,-32.2390561517159,TRUE,2,1,"plastic-bag","shoreline and recreational"
"511",3,NA,NA,NA,2019-02-17,NA,NA,1,NA,-52.1419317270885,-32.1788738601556,TRUE,3,3,"straw-stirrers","shoreline and recreational"
"512",3,NA,NA,NA,2019-02-17,NA,NA,1,NA,-52.1419107777351,-32.1788607799819,TRUE,3,3,"plastic-bag","shoreline and recreational"
"513",3,NA,NA,NA,2019-02-17,NA,NA,1,NA,-52.1418224420505,-32.1788105402957,TRUE,3,3,"plastic-bag","shoreline and recreational"
"514",3,NA,NA,NA,2019-02-17,NA,NA,1,NA,-52.1418211593892,-32.1788000841866,TRUE,3,3,"ropes","ocean waterway"
"515",3,NA,NA,NA,2019-02-17,NA,NA,1,NA,-52.1417010642207,-32.1787383410272,TRUE,3,3,"plastic-bag","shoreline and recreational"
"516",3,NA,NA,NA,2019-02-17,NA,NA,1,NA,-52.1416063206289,-32.178677747281,TRUE,3,3,"straw-stirrers","shoreline and recreational"
"517",3,NA,NA,NA,2019-02-17,NA,NA,1,NA,-52.1414992880401,-32.1786123299812,TRUE,3,3,"fishing-line","ocean waterway"
"518",3,NA,NA,NA,2019-02-17,NA,NA,1,NA,-52.1414957232845,-32.1786032798315,TRUE,3,3,"plastic-bag","shoreline and recreational"
"519",4,"DCIM/20190216133144896.jpg",NA,NA,2019-02-16,NA,NA,0,NA,-52.2732107012261,-32.30765189895,TRUE,1,1,"fishing-line","ocean waterway"
"520",4,"DCIM/20190216162829198.jpg","DCIM/20190216162839118.jpg",NA,2019-02-16,NA,NA,NA,"Oferenda iemanjá",-52.2090824568953,-32.2361228743772,TRUE,2,2,"shoreline-and-recreational-activities","shoreline and recreational"
"521",4,NA,NA,NA,2019-02-16,NA,NA,0,NA,-52.2729183219259,-32.3072318816609,TRUE,1,1,"beverage-PET","shoreline and recreational"
"522",4,NA,NA,NA,2019-02-16,NA,NA,0,NA,-52.2729134571782,-32.3072153831127,TRUE,1,1,"plastic-bag","shoreline and recreational"
"523",4,NA,NA,NA,2019-02-16,NA,NA,0,NA,-52.2727919060832,-32.3070753423515,TRUE,1,1,"fishing-line","ocean waterway"
"524",4,NA,NA,NA,2019-02-16,NA,NA,0,NA,-52.267180273133,-32.2996715753228,TRUE,1,3,"fishing-line","ocean waterway"
"525",4,NA,NA,NA,2019-02-16,NA,NA,0,NA,-52.2671757391142,-32.2996539405848,TRUE,1,3,"fishing-line","ocean waterway"
"526",4,NA,NA,NA,2019-02-17,NA,NA,1,NA,-52.1418138015635,-32.1787934237199,TRUE,3,3,"straw-stirrers","shoreline and recreational"
"527",4,NA,NA,NA,2019-02-17,NA,NA,1,NA,-52.1417227193313,-32.1787367046364,TRUE,3,3,"straw-stirrers","shoreline and recreational"
"528",4,NA,NA,NA,2019-02-17,NA,NA,1,NA,-52.1414833574443,-32.1785987490668,TRUE,3,3,"ropes","ocean waterway"
"529",5,NA,NA,NA,2019-02-16,NA,NA,0,NA,-52.2727972687358,-32.3071094741707,TRUE,1,1,"plastic-bag","shoreline and recreational"
"530",2,"DCIM/20190216142634684.jpg",NA,NA,2019-02-16,NA,NA,0,"Plastic fisherman cloth and protection  glasses",-52.2728084620925,-32.3070484360551,TRUE,1,1,"ocean-waterway-activities","ocean waterway"
